n_atoms,element_id_mean,element_id_std,element_id_min,element_id_max,element_id_median,element_id_p05,element_id_p25,element_id_p75,element_id_p95,element_id_skew,element_id_kurtosis,x_mean,x_std,x_min,x_max,x_median,x_p05,x_p25,x_p75,x_p95,x_skew,x_kurtosis,y_mean,y_std,y_min,y_max,y_median,y_p05,y_p25,y_p75,y_p95,y_skew,y_kurtosis,z_mean,z_std,z_min,z_max,z_median,z_p05,z_p25,z_p75,z_p95,z_skew,z_kurtosis,energy_mean,energy_std,energy_min,energy_max,energy_median,energy_p05,energy_p25,energy_p75,energy_p95,energy_skew,energy_kurtosis,force_mag_mean,force_mag_std,force_mag_min,force_mag_max,force_mag_median,force_mag_p05,force_mag_p25,force_mag_p75,force_mag_p95,force_mag_skew,force_mag_kurtosis,csym_mean,csym_std,csym_min,csym_max,csym_median,csym_p05,csym_p25,csym_p75,csym_p95,csym_skew,csym_kurtosis,material,cfg_file,cfg_path,temperature,logtau
4000,1.54925,0.5753906824932082,1.0,3.0,2.0,1.0,1.0,2.0,2.0,0.4647145351512933,-0.7284422518530458,0.4996983184371929,0.28812253134979415,-0.00011228000221308321,0.9999489784240723,0.4972115010023117,0.050208885595202445,0.25232500582933426,0.7493922412395477,0.9486692786216736,0.001228050544945145,-1.1962219530657008,0.4993798506410758,0.28843490639216435,-0.0004917189944535494,0.9994339942932129,0.4965045005083084,0.04942162632942201,0.251910500228405,0.7514179795980453,0.9480989605188369,-0.0004388931675456635,-1.1978269097184437,0.5008374230025001,0.28839179371481694,-0.0003846320032607764,1.0002599954605103,0.5002790093421936,0.05109846368432045,0.25060275942087173,0.7508300095796585,0.951468202471733,0.0002781248569211874,-1.1955716365354105,-5.384118900001049,1.5107391288525132,-7.486209869384766,-3.526639938354492,-4.17411994934082,-7.202353143692017,-6.9875476360321045,-3.97943252325058,-3.794830894470215,-0.14259990923288557,-1.9384406481171486,1.0145761751588434,0.47880247902176076,0.06353103369474411,3.4371743202209473,0.9500455856323242,0.3478708922863007,0.6641013473272324,1.2972935736179352,1.8954496145248412,0.7655906752247921,0.6735539127040475,8.676809474810957,2.511184552732814,0.779761016368866,15.373499870300293,8.92835521697998,3.963868069648743,7.098170042037964,10.437424898147583,12.480505084991451,-0.3807355136453585,-0.06522809712215416,Zr46Cu46Al8,Zr46Cu46Al8_638.0K.cfg,C:\Users\Admin\Downloads\cfg data\mapped_cfg_and_metadata\mapped_cfg_Zr46Cu46Al8\Zr46Cu46Al8_638.0K.cfg,638.0,15.722425655768692
4000,1.54925,0.5753906824932082,1.0,3.0,2.0,1.0,1.0,2.0,2.0,0.4647145351512933,-0.7284422518530458,0.5004288057415979,0.2881779314191241,-0.011970199644565582,1.0102699995040894,0.49853600561618805,0.05079451091587544,0.2512882500886917,0.7492039948701859,0.9504348516464233,0.00011313165066546221,-1.1968483609906362,0.4996070726103044,0.2886702917690895,-0.007778130006045103,1.007949948310852,0.49873799085617065,0.049126310460269454,0.24981075152754784,0.7503080070018768,0.9467073529958724,-0.0014795919322993427,-1.1972228696698661,0.5003497424610123,0.2885173942587393,-0.010755900293588638,1.0054399967193604,0.5003454983234406,0.0506723003461957,0.24842749536037445,0.748816505074501,0.9503049731254577,0.002112903853706801,-1.19541154123925,-5.38397081565857,1.5073911592215221,-7.538320064544678,-3.336859941482544,-4.170989990234375,-7.200522017478943,-6.979727506637573,-3.9820650219917297,-3.809969019889832,-0.14184577107071042,-1.9398656187627543,1.0136200647288933,0.48861172730748087,0.017902087420225143,3.8356428146362305,0.9578765332698822,0.3398444950580597,0.6482059359550476,1.3056965470314026,1.9022005140781402,0.8495588200902497,1.2280061580758543,8.66080084553361,2.49234834562474,0.7001169919967651,17.45210075378418,8.853469848632812,4.072580575942993,7.124149918556213,10.394525289535522,12.464309883117675,-0.32496906126698083,0.034584055110105094,Zr46Cu46Al8,Zr46Cu46Al8_661.0K.cfg,C:\Users\Admin\Downloads\cfg data\mapped_cfg_and_metadata\mapped_cfg_Zr46Cu46Al8\Zr46Cu46Al8_661.0K.cfg,661.0,10.618193962475848
4000,1.54925,0.5753906824932082,1.0,3.0,2.0,1.0,1.0,2.0,2.0,0.46471453515129335,-0.7284422518530458,0.5009523292273625,0.28800412308510226,-0.000817632011603564,1.0016200542449951,0.4989605098962784,0.05204369518905878,0.25257549434900284,0.7500009983778,0.9501540631055831,-0.00038139324473581126,-1.195810506187124,0.5003991933365988,0.2885560065399022,-0.001054599997587502,1.0024199485778809,0.5002059936523438,0.047503101639449596,0.25301074236631393,0.7519135177135468,0.9477996617555619,-0.0034837822277311295,-1.1975565861088733,0.5005868238212604,0.2885734268330474,-0.001334159984253347,1.0015599727630615,0.5001110136508942,0.050843965262174606,0.24980774894356728,0.7510377466678619,0.9508684217929839,0.0016431969802195626,-1.194908818768618,-5.382191509604454,1.5101443893828956,-7.463290214538574,-3.3226499557495117,-4.171084880828857,-7.195450162887573,-6.98553740978241,-3.976034939289093,-3.7993490219116213,-0.14219837594166354,-1.9392101047120267,1.028081315402873,0.4868649218883438,0.04890517517924309,4.0167975425720215,0.9678180515766144,0.3412173256278038,0.6793834120035172,1.3108718991279602,1.914726436138153,0.8417837670755216,1.1889964442521697,8.675217207223177,2.4807832717278813,1.1446599960327148,15.839300155639648,8.874424934387207,3.966159403324127,7.181177616119385,10.411449909210205,12.390040349960326,-0.39260132406144016,0.05541979431947919,Zr46Cu46Al8,Zr46Cu46Al8_673.0K.cfg,C:\Users\Admin\Downloads\cfg data\mapped_cfg_and_metadata\mapped_cfg_Zr46Cu46Al8\Zr46Cu46Al8_673.0K.cfg,673.0,8.450109347681307
4000,1.54925,0.5753906824932082,1.0,3.0,2.0,1.0,1.0,2.0,2.0,0.46471453515129335,-0.7284422518530453,0.5002091852572048,0.28791746221169623,-0.0018594299908727407,1.0045900344848633,0.49840350449085236,0.050624503195285796,0.25113900005817413,0.7497204840183258,0.9501598298549652,0.0009971661152234001,-1.1949752137552108,0.4989012536791197,0.2886941096433879,-0.007081110030412674,1.0051699876785278,0.5012199878692627,0.04980486612766982,0.24913499504327774,0.7506792396306992,0.9474933773279189,-0.004066017535702099,-1.1973315977696901,0.49983915425644954,0.28852665687284884,-0.0033067900221794844,1.007680058479309,0.4989134967327118,0.05079094525426627,0.2500999942421913,0.7503734976053238,0.951279017329216,0.0009321420219865017,-1.1970823888984636,-5.37298268699646,1.5088662827594865,-7.512010097503662,-3.394929885864258,-4.165024995803833,-7.19109456539154,-6.975357413291931,-3.9716349244117737,-3.786005580425263,-0.14225507796105064,-1.937995142491055,1.0676125856032594,0.5086934635041854,0.04175608977675438,3.460958242416382,0.9952081739902496,0.3675880655646324,0.6917703449726105,1.365013062953949,2.0085546374320957,0.8059722881941999,0.7869253790986637,8.788167962700129,2.4503494012252345,1.00163996219635,15.665800094604492,8.971670150756836,4.398918080329895,7.264575004577637,10.481299877166748,12.471134614944457,-0.34844753017833585,-0.04757022516622822,Zr46Cu46Al8,Zr46Cu46Al8_678.0K.cfg,C:\Users\Admin\Downloads\cfg data\mapped_cfg_and_metadata\mapped_cfg_Zr46Cu46Al8\Zr46Cu46Al8_678.0K.cfg,678.0,7.564628756022491
4000,1.54925,0.5753906824932082,1.0,3.0,2.0,1.0,1.0,2.0,2.0,0.46471453515129335,-0.7284422518530458,0.5001980830657049,0.28820918800719536,-0.002586429938673973,1.003749966621399,0.49866650998592377,0.04984247870743275,0.25315624475479126,0.7498907744884491,0.9504254013299942,0.0001617203601991116,-1.1963790737292277,0.5006193605225067,0.2886618887330478,-0.0013626000145450234,1.0036300420761108,0.5005649924278259,0.049732990190386774,0.2507007420063019,0.7507527321577072,0.9478763282299042,-0.0016552612767703227,-1.1967055995894562,0.4995917310893492,0.2886167750376113,-0.0016786099877208471,1.0039499998092651,0.4998999983072281,0.05067960098385811,0.24952074512839317,0.7501087486743927,0.9495880872011184,0.0016602361762821322,-1.1964082285357915,-5.37979961425066,1.5086457362565786,-7.4524102210998535,-3.4503300189971924,-4.166325092315674,-7.201555943489074,-6.981730103492737,-3.980787456035614,-3.790176475048065,-0.14220459828754212,-1.9378027194202787,1.033015319790691,0.48391606787703356,0.036773957312107086,3.3207216262817383,0.9642379879951477,0.3584480479359627,0.6813083291053772,1.3162068724632263,1.9490887939929962,0.7428309496015092,0.5708413895586966,8.750601606592536,2.5144038127642685,0.5672919750213623,16.569700241088867,8.950145244598389,4.139147520065308,7.209982514381409,10.479424715042114,12.64262990951538,-0.3457785852279984,0.026625350414829274,Zr46Cu46Al8,Zr46Cu46Al8_680.0K.cfg,C:\Users\Admin\Downloads\cfg data\mapped_cfg_and_metadata\mapped_cfg_Zr46Cu46Al8\Zr46Cu46Al8_680.0K.cfg,680.0,7.218741447797106
4000,1.54925,0.5753906824932082,1.0,3.0,2.0,1.0,1.0,2.0,2.0,0.46471453515129335,-0.7284422518530453,0.4997150641832777,0.2880973087239969,-0.0019923800136893988,1.0025299787521362,0.4966079890727997,0.05090960878878832,0.25237850099802017,0.7494352459907532,0.9496931046247482,0.0031019708115510927,-1.1953354381066428,0.5008897154554943,0.2885625141664851,-0.0013835900463163853,1.0039499998092651,0.5011115074157715,0.050136415660381316,0.2521435022354126,0.7515310198068619,0.948261359333992,-0.0035752606597235803,-1.1986024199816827,0.5003490617960314,0.2884710698150863,-3.056820060010068e-05,1.002959966659546,0.500821977853775,0.049907165206968786,0.24935099482536316,0.7513467371463776,0.950070035457611,4.657019443917335e-06,-1.1961446185325604,-5.376810792565346,1.5086039511903542,-7.515960216522217,-3.3630499839782715,-4.167284965515137,-7.198523664474488,-6.976122498512268,-3.9732274413108826,-3.788741433620453,-0.14298460643752273,-1.9369511359738105,1.056342090616934,0.49546190489557335,0.04990900307893753,3.4116153717041016,0.9858748018741608,0.3666983425617218,0.6926553249359131,1.3435572981834412,1.9807471871376028,0.7851534201225103,0.7574831240541062,8.742459064632655,2.4984882543521207,0.8186240196228027,16.130599975585938,8.926819801330566,4.115408873558044,7.167847633361816,10.454174757003784,12.628730010986324,-0.3316253184129586,0.09582798431726713,Zr46Cu46Al8,Zr46Cu46Al8_682.0K.cfg,C:\Users\Admin\Downloads\cfg data\mapped_cfg_and_metadata\mapped_cfg_Zr46Cu46Al8\Zr46Cu46Al8_682.0K.cfg,682.0,6.877739855639419
4000,1.54925,0.5753906824932082,1.0,3.0,2.0,1.0,1.0,2.0,2.0,0.46471453515129335,-0.7284422518530458,0.4996897070948034,0.28796374353800375,-0.008105860091745853,1.0041799545288086,0.49812500178813934,0.04977043084800244,0.2524232491850853,0.746591255068779,0.9492222994565962,-0.0018520036712250843,-1.1946369842793079,0.5001444647442604,0.28856516369040897,-0.003708269912749529,1.0106799602508545,0.5007629990577698,0.04860647078603506,0.2528824955224991,0.7519502341747284,0.9483707815408706,-0.0044798455151614505,-1.196736423172699,0.5010996437749436,0.2884339757959337,-0.0041888002306222916,1.0062700510025024,0.5026224851608276,0.05181186068803073,0.2511940076947212,0.7507075071334839,0.95114206969738,0.0007029633502975162,-1.1958861400990524,-5.373543536365032,1.5096669306998318,-7.589739799499512,-3.4134299755096436,-4.168765068054199,-7.185005450248719,-6.977007627487183,-3.9677425622940063,-3.781873404979706,-0.1411988231058136,-1.9380668799612872,1.0580487623484804,0.49783103424693514,0.033806417137384415,4.2983245849609375,0.9953282475471497,0.3577964097261429,0.6953325718641281,1.3601056635379791,1.9698038339614865,0.7775388614551222,0.9906647250417704,8.808168555438519,2.4828738863276896,1.0241299867630005,16.020700454711914,8.963285446166992,4.285624837875366,7.264109969139099,10.50807523727417,12.682215404510497,-0.29471355301085544,-0.004761710670762476,Zr46Cu46Al8,Zr46Cu46Al8_707.0K.cfg,C:\Users\Admin\Downloads\cfg data\mapped_cfg_and_metadata\mapped_cfg_Zr46Cu46Al8\Zr46Cu46Al8_707.0K.cfg,707.0,3.164955372241486
4000,1.54925,0.5753906824932082,1.0,3.0,2.0,1.0,1.0,2.0,2.0,0.46471453515129335,-0.7284422518530458,0.4991896591856248,0.28802435251800884,-0.00046739200479350984,1.002369999885559,0.49698249995708466,0.05020653866231442,0.25015775114297867,0.7479997277259827,0.9476747393608093,0.00047166787381549473,-1.195070146829043,0.5008848736750006,0.28844206416929097,-0.002285169903188944,1.0020099878311157,0.5002534985542297,0.05056514162570238,0.2504680007696152,0.7526029795408249,0.9505758255720138,-0.004218939849742341,-1.1977987057131778,0.5013452563668179,0.28854741668214223,-0.0011444799602031708,1.0012500286102295,0.5017174780368805,0.05155937168747187,0.2527427524328232,0.7512142509222031,0.94949012696743,0.0011768700977031587,-1.195961933138812,-5.37281611508131,1.5046595993546308,-7.4671502113342285,-3.3978800773620605,-4.1685099601745605,-7.1763921737670895,-6.969112515449524,-3.9736925959587097,-3.7975284576416017,-0.14241885420052247,-1.9390168049758356,1.0711999108213932,0.4986411324317359,0.07633861154317856,3.200730800628662,1.008344292640686,0.3777362614870072,0.6885832250118256,1.3648879826068878,2.001798701286315,0.7264458247364467,0.49596014963419677,8.776449623316527,2.468666883849782,0.907958984375,17.297500610351562,8.985304832458496,4.186434173583985,7.257289886474609,10.49007511138916,12.525265026092526,-0.3639957346393271,0.07721239913098188,Zr46Cu46Al8,Zr46Cu46Al8_727.0K.cfg,C:\Users\Admin\Downloads\cfg data\mapped_cfg_and_metadata\mapped_cfg_Zr46Cu46Al8\Zr46Cu46Al8_727.0K.cfg,727.0,0.7255564383857511
4000,1.54925,0.5753906824932082,1.0,3.0,2.0,1.0,1.0,2.0,2.0,0.46471453515129335,-0.7284422518530458,0.49922128770835117,0.28799660856470616,-0.002301119966432452,1.0014899969100952,0.49810299277305603,0.04910844396799803,0.24919774755835533,0.7477677315473557,0.9478827267885205,0.0012463439209873404,-1.1958768257126395,0.5011886684938145,0.28852560437508595,-0.0004225049924571067,1.0008000135421753,0.5000140070915222,0.05128724593669177,0.2542862445116043,0.7538802474737167,0.9509081810712814,-0.002512332400900749,-1.1973136786975647,0.5003624490580705,0.2886596636827426,-0.00031498100725002587,1.0005199909210205,0.5008940100669861,0.05072138849645853,0.2506314888596535,0.7498457431793213,0.950645077228546,0.00028175999281428843,-1.197555434543898,-5.3696557779312135,1.5054456482685297,-7.494239807128906,-3.419529914855957,-4.16168999671936,-7.183261442184448,-6.968512535095215,-3.970864951610565,-3.790967416763306,-0.14303694140129744,-1.937223881109953,1.0703959650527686,0.5063237631352275,0.06528479605913162,3.6674208641052246,1.0061426162719727,0.3666987344622612,0.7076441645622253,1.3637005984783173,1.9900057435035698,0.8358325834208054,1.0651717569915249,8.840144418865442,2.4517282482748968,1.1833000183105469,16.409000396728516,8.977785110473633,4.386760902404785,7.376934885978699,10.57527494430542,12.593715381622314,-0.31253086401353325,-0.014060050671749202,Zr46Cu46Al8,Zr46Cu46Al8_728.0K.cfg,C:\Users\Admin\Downloads\cfg data\mapped_cfg_and_metadata\mapped_cfg_Zr46Cu46Al8\Zr46Cu46Al8_728.0K.cfg,728.0,0.6140432439535141
4000,1.54925,0.5753906824932082,1.0,3.0,2.0,1.0,1.0,2.0,2.0,0.46471453515129335,-0.7284422518530458,0.49971554192394435,0.28807308728509373,-0.001546400017105043,1.001039981842041,0.49776749312877655,0.05103526152670384,0.25215374678373337,0.7506099790334702,0.9501612067222595,0.0011110338951775503,-1.1942415841237035,0.4998834488271532,0.28853620916088857,-0.0028401799499988556,1.0029300451278687,0.49869300425052643,0.049777563847601417,0.25180449336767197,0.7496820241212845,0.9491045922040939,-0.0015209575716833533,-1.199089693596307,0.5009003979759582,0.28863322730440427,-0.0012199400225654244,1.0028599500656128,0.5018100142478943,0.05187106337398291,0.25194475799798965,0.751067265868187,0.9498660027980804,0.0019824549431428883,-1.1981462732585986,-5.36789233070612,1.5056983577574934,-7.492099761962891,-3.2381200790405273,-4.159625053405762,-7.186059427261353,-6.963340163230896,-3.9681724905967712,-3.7914640784263614,-0.14306507966452883,-1.9370210101672376,1.1031031059038359,0.5308349362669066,0.014456593431532383,3.4314136505126953,1.0225634574890137,0.3882704809308052,0.7132535725831985,1.4089965522289276,2.087074327468872,0.8137828012494741,0.6170261696545247,8.795072692856193,2.495704911165399,0.8720800280570984,16.65760040283203,8.953540325164795,4.235077929496765,7.272437572479248,10.56760025024414,12.626765394210816,-0.33084902527911497,0.07177867363741175,Zr46Cu46Al8,Zr46Cu46Al8_741.0K.cfg,C:\Users\Admin\Downloads\cfg data\mapped_cfg_and_metadata\mapped_cfg_Zr46Cu46Al8\Zr46Cu46Al8_741.0K.cfg,741.0,-0.7580361200844812
4000,1.54925,0.5753906824932082,1.0,3.0,2.0,1.0,1.0,2.0,2.0,0.46471453515129335,-0.7284422518530458,0.49970473837017926,0.28812792488756644,0.00018553200061433017,1.0003000497817993,0.49702300131320953,0.05119395349174738,0.25026626139879227,0.7476149946451187,0.9500475138425825,0.002072521003399064,-1.194765923143386,0.4993877967510489,0.2884660301110049,0.0004905079840682447,0.999638020992279,0.49879150092601776,0.04838619362562895,0.2521750032901764,0.7503447234630585,0.9489976674318312,-0.0009301271527345511,-1.1984281105930061,0.49937056566025967,0.2884718979305513,-5.378929927246645e-05,0.9999480247497559,0.4996800124645233,0.05016168523579836,0.25054599344730377,0.7507050037384033,0.9475137531757355,0.0006862751344213012,-1.1967866917567949,-5.367022408485413,1.5059196490247975,-7.503960132598877,-3.222100019454956,-4.1606199741363525,-7.18229455947876,-6.961910128593445,-3.967817485332489,-3.7870700478553774,-0.14331802688523684,-1.936428566927721,1.0879721585139632,0.511577715306176,0.056566573679447174,4.482833385467529,1.0345087051391602,0.357599139213562,0.719599038362503,1.3764943480491638,2.0166602611541746,0.8429351937291211,1.5762683969246414,8.833240721166133,2.4423939948434543,0.8054929971694946,16.666099548339844,9.003045082092285,4.36023051738739,7.335442304611206,10.540674924850464,12.515020322799682,-0.34253218843163385,0.03647976995662505,Zr46Cu46Al8,Zr46Cu46Al8_760.0K.cfg,C:\Users\Admin\Downloads\cfg data\mapped_cfg_and_metadata\mapped_cfg_Zr46Cu46Al8\Zr46Cu46Al8_760.0K.cfg,760.0,-2.515194376031247
4000,1.54925,0.5753906824932082,1.0,3.0,2.0,1.0,1.0,2.0,2.0,0.46471453515129335,-0.7284422518530458,0.49773380625287245,0.28803609699709987,-0.004899879917502403,1.0038000345230103,0.4952390044927597,0.04800894353538752,0.24994975700974464,0.7458089888095856,0.9493968635797501,0.0032054447054825313,-1.1936777835694683,0.498656523823498,0.2885349316049008,-0.005335249938070774,1.0038299560546875,0.49850650131702423,0.0486388111487031,0.2515367418527603,0.7486737370491028,0.9485681742429732,-0.0007793421623473882,-1.197819006559838,0.5008530758987964,0.28850071381648384,-0.004487719852477312,1.0035699605941772,0.5020979940891266,0.05112884026020767,0.2510267496109009,0.7511960119009018,0.9515827566385268,0.0007309991449406961,-1.1959286260404522,-5.364669405400753,1.5065276275924233,-7.5696702003479,-3.4606900215148926,-4.156605005264282,-7.184380030632019,-6.957307577133179,-3.964619994163513,-3.77481039762497,-0.14296384406383747,-1.936316569403087,1.0984165930608287,0.5283134732253072,0.04311678931117058,3.6366050243377686,1.0288896560668945,0.38074794709682463,0.7052310258150101,1.4158815443515778,2.063899886608123,0.7717239188777383,0.6369545054658738,8.850481958121062,2.4940489120860048,0.7922919988632202,16.33970069885254,9.055385112762451,4.35439920425415,7.268114805221558,10.614075183868408,12.652915000915524,-0.35161854899933115,0.03390968469137601,Zr46Cu46Al8,Zr46Cu46Al8_769.0K.cfg,C:\Users\Admin\Downloads\cfg data\mapped_cfg_and_metadata\mapped_cfg_Zr46Cu46Al8\Zr46Cu46Al8_769.0K.cfg,769.0,-3.2613619548560875
4000,1.54925,0.5753906824932082,1.0,3.0,2.0,1.0,1.0,2.0,2.0,0.46471453515129335,-0.7284422518530458,0.49998923536020445,0.28811766965575997,-0.005114180035889149,1.0029799938201904,0.49768300354480743,0.04959865566343069,0.2505500055849552,0.7495867609977722,0.9500551849603652,0.00184823070220861,-1.193816334024869,0.5004001051832528,0.2885557739875444,-0.003647059900686145,1.0083999633789062,0.4986799955368042,0.049371514655649665,0.2505442425608635,0.7504710108041763,0.949234727025032,-0.0009314509092791128,-1.1962749644243311,0.5001451712829003,0.28858077420659484,-0.002818469889461994,1.0024499893188477,0.5002679824829102,0.051207561045885086,0.25117573887109756,0.7507732212543488,0.9502234756946564,0.0008042227992478225,-1.1969993641507082,-5.359240155398846,1.5052068023099825,-7.473959922790527,-3.140939950942993,-4.166079998016357,-7.176818227767944,-6.958292603492737,-3.9600449800491333,-3.7679785966873167,-0.1426090611766846,-1.9338237882652183,1.1219956535622477,0.5257286574291454,0.050796881318092346,3.760606050491333,1.060711145401001,0.3823708906769753,0.7377617359161377,1.431751549243927,2.0709540486335754,0.7498042519157162,0.7414157786003464,8.938781552106143,2.4596170670893707,1.0019400119781494,17.515199661254883,9.124925136566162,4.615033531188965,7.391994833946228,10.647825002670288,12.733294534683225,-0.35328104054745413,0.0528747720130176,Zr46Cu46Al8,Zr46Cu46Al8_778.0K.cfg,C:\Users\Admin\Downloads\cfg data\mapped_cfg_and_metadata\mapped_cfg_Zr46Cu46Al8\Zr46Cu46Al8_778.0K.cfg,778.0,-3.954840705898587
4000,1.54925,0.5753906824932082,1.0,3.0,2.0,1.0,1.0,2.0,2.0,0.46471453515129335,-0.7284422518530458,0.49899473538932215,0.28793945014148964,0.0004820789908990264,0.9997730255126953,0.4975090026855469,0.04819865077733994,0.2509722486138344,0.7477922439575195,0.9479268908500669,0.0022287746666786803,-1.1943882655697624,0.49842165216935974,0.2884946520946866,0.0006663749809376895,0.9998850226402283,0.4969345033168793,0.048243180289864546,0.25000375881791115,0.7491437345743179,0.9479489743709564,-0.002719024047068223,-1.1979524016479535,0.49965403511606565,0.2885482720455354,0.00017315600416623056,1.000309944152832,0.4988290071487427,0.04962445478886366,0.25092723965644836,0.7508732378482819,0.9498487263917922,0.0017494017680589685,-1.1956507026104146,-5.363273781836033,1.5052459277926178,-7.508600234985352,-3.4110701084136963,-4.154400110244751,-7.178375458717346,-6.958912491798401,-3.9671974182128906,-3.7802211046218877,-0.14322274519713707,-1.9369808169879508,1.1042092057093977,0.5214399185795401,0.07844576984643936,4.265861988067627,1.0302605032920837,0.3795496329665184,0.7213851809501648,1.4340861141681671,2.053226661682128,0.7457251871435792,0.6955291798887924,8.884822556316852,2.450981446035551,1.2130500078201294,17.308000564575195,9.048874855041504,4.328780031204223,7.366632342338562,10.57289981842041,12.66441011428833,-0.30592706192450886,0.027366234253358268,Zr46Cu46Al8,Zr46Cu46Al8_784.0K.cfg,C:\Users\Admin\Downloads\cfg data\mapped_cfg_and_metadata\mapped_cfg_Zr46Cu46Al8\Zr46Cu46Al8_784.0K.cfg,784.0,-4.388977557764882
4000,1.54925,0.5753906824932082,1.0,3.0,2.0,1.0,1.0,2.0,2.0,0.4647145351512933,-0.7284422518530458,0.4999555537710421,0.2882361970601757,-0.0013429400278255343,1.0028400421142578,0.4960764944553375,0.048953724279999736,0.250037245452404,0.7494112551212311,0.9507641553878784,0.005029089158000283,-1.1959469619027896,0.5013847656604957,0.2885985132364333,-0.001433179946616292,1.0019400119781494,0.5018199980258942,0.050609908625483514,0.2512887492775917,0.7524715065956116,0.950418284535408,-0.0027039156896280043,-1.1981877536076533,0.5003717934358065,0.28873670448545047,-0.005454979836940765,1.002210021018982,0.5020585060119629,0.05150253660976887,0.2520119994878769,0.7511509954929352,0.9501755952835083,-2.3289126545127282e-05,-1.1982569591887582,-5.357765622437,1.5050348935685482,-7.505420207977295,-3.4300498962402344,-4.1596598625183105,-7.174902534484863,-6.9560524225234985,-3.9583674669265747,-3.7747595071792603,-0.1429633935333072,-1.9341266106026196,1.1318065964672714,0.5386922664378941,0.0639367550611496,4.253016471862793,1.065164029598236,0.3786550238728523,0.7380968630313873,1.4392151832580566,2.1286444187164295,0.8156198541521377,0.9715573112376226,8.918585164248944,2.465039324207975,0.8478670120239258,17.37660026550293,9.04018497467041,4.428122186660767,7.427290201187134,10.644075155258179,12.715200424194336,-0.292289510431116,0.15334385608640222,Zr46Cu46Al8,Zr46Cu46Al8_793.0K.cfg,C:\Users\Admin\Downloads\cfg data\mapped_cfg_and_metadata\mapped_cfg_Zr46Cu46Al8\Zr46Cu46Al8_793.0K.cfg,793.0,-5.002925492089014
4000,1.54925,0.5753906824932082,1.0,3.0,2.0,1.0,1.0,2.0,2.0,0.46471453515129335,-0.7284422518530453,0.5016947814730301,0.28831074657867317,-0.0015861099818721414,1.0035099983215332,0.49949100613594055,0.05248014014214277,0.2501857541501522,0.7511202245950699,0.9516987115144728,0.005833853168167923,-1.1970127493261413,0.49863089455086446,0.28849133526292187,-0.004645610228180885,1.003730058670044,0.497188001871109,0.04862314835190773,0.24887149780988693,0.7481295168399811,0.9480680465698242,0.00031546013298776836,-1.1965472079306727,0.5008510502376557,0.2884979121600066,-0.0006728509906679392,1.0047600269317627,0.5016345083713531,0.04976628124713898,0.25120124965906143,0.7504045218229294,0.951010513305664,0.0005642083300895683,-1.1954231634343118,-5.356161604404449,1.5042598573205057,-7.483789920806885,-3.3722000122070312,-4.1502299308776855,-7.165581440925598,-6.9506001472473145,-3.9592049717903137,-3.7714160561561587,-0.14233394497741833,-1.9359346541345122,1.1298005505297333,0.5227552934754734,0.0785011351108551,3.4942028522491455,1.0676488876342773,0.39747918099164964,0.7465826719999313,1.4448623657226562,2.073109650611877,0.7158145306172048,0.5990003315227233,8.925553621321917,2.412646720838006,1.3148900270462036,17.497400283813477,9.037540435791016,4.632460117340088,7.454882621765137,10.615900039672852,12.568809604644773,-0.32788919633996794,0.136478142895887,Zr46Cu46Al8,Zr46Cu46Al8_806.0K.cfg,C:\Users\Admin\Downloads\cfg data\mapped_cfg_and_metadata\mapped_cfg_Zr46Cu46Al8\Zr46Cu46Al8_806.0K.cfg,806.0,-5.81576535256141
4000,1.54925,0.5753906824932082,1.0,3.0,2.0,1.0,1.0,2.0,2.0,0.46471453515129335,-0.7284422518530458,0.49918078363789026,0.28815054781163235,-0.0027012899518013,1.0029000043869019,0.49696899950504303,0.050082740932703027,0.25043773651123047,0.7478659898042679,0.9492429703474045,0.004454359530017049,-1.1966122064832183,0.4991434720625257,0.28856979212177764,-0.0025876399595290422,1.004520058631897,0.4979905039072037,0.04757108073681593,0.2496265023946762,0.74838025867939,0.947859239578247,-0.0007716684071386647,-1.1979292141842102,0.5004131899708154,0.2885206073818904,-0.001913330052047968,1.0019400119781494,0.5011110007762909,0.04999795835465193,0.2515147551894188,0.7506610155105591,0.9488372087478637,0.0002499709217095486,-1.19674778374201,-5.354613326609135,1.506042821351621,-7.515140056610107,-3.402740001678467,-4.148104906082153,-7.173683214187622,-6.951352596282959,-3.954117476940155,-3.772856056690216,-0.14339119402376257,-1.9359043020415707,1.1429073706232011,0.5426615747956941,0.09823696315288544,3.735220193862915,1.0658144354820251,0.3916427731513977,0.7535798102617264,1.4641555845737457,2.131964337825775,0.8092666036271285,0.8225595083362389,9.014241918593646,2.411433147462704,1.0068800449371338,15.79800033569336,9.148535251617432,4.7089021682739265,7.479127287864685,10.687524795532227,12.718660020828246,-0.2973999994704517,0.04100693123961463,Zr46Cu46Al8,Zr46Cu46Al8_820.0K.cfg,C:\Users\Admin\Downloads\cfg data\mapped_cfg_and_metadata\mapped_cfg_Zr46Cu46Al8\Zr46Cu46Al8_820.0K.cfg,820.0,-6.602985461129077
4000,1.54925,0.5753906824932082,1.0,3.0,2.0,1.0,1.0,2.0,2.0,0.46471453515129335,-0.7284422518530458,0.4994332661675171,0.2883432387035277,-0.008252239786088467,1.0025099515914917,0.49879199266433716,0.05035255644470454,0.2491542473435402,0.7493327558040619,0.9495806545019148,0.0010877332352060864,-1.1961408495057153,0.499432254908726,0.2889629519074759,-0.0032046400010585785,1.0056099891662598,0.4984760135412216,0.0497563136741519,0.24841374903917313,0.7509382367134094,0.9491223603487015,-8.823324115305829e-05,-1.1999485649273447,0.501364763622436,0.2884918007246496,-0.008451740257441998,1.0071300268173218,0.5011250078678131,0.05044156424701214,0.2514449954032898,0.7520529925823212,0.9513956189155578,0.0010511013692748234,-1.1967957904571973,-5.349930624783039,1.5000028560897902,-7.436639785766602,-3.3823299407958984,-4.154550075531006,-7.166660332679749,-6.940460205078125,-3.9567699432373047,-3.769845533370972,-0.14369943982920513,-1.9340805247676787,1.1541276054671035,0.545004570185046,0.04943237081170082,3.8886561393737793,1.087311863899231,0.3764878273010254,0.753154382109642,1.4875316321849823,2.1616113901138294,0.7058130900764831,0.6673783519052039,8.972083077043296,2.452434658726453,1.0246599912643433,16.496700286865234,9.077704906463623,4.575338292121887,7.430252432823181,10.672325134277344,12.801949644088744,-0.2862832284444424,-0.02049171869256705,Zr46Cu46Al8,Zr46Cu46Al8_840.0K.cfg,C:\Users\Admin\Downloads\cfg data\mapped_cfg_and_metadata\mapped_cfg_Zr46Cu46Al8\Zr46Cu46Al8_840.0K.cfg,840.0,-7.589226681346637
4000,1.54925,0.5753906824932082,1.0,3.0,2.0,1.0,1.0,2.0,2.0,0.46471453515129335,-0.7284422518530458,0.4996461976870014,0.2883149016943621,-0.0006402109866030514,1.0005799531936646,0.49750299751758575,0.05122012943029404,0.24946099892258644,0.7476530224084854,0.9491299748420714,0.0019376941534093805,-1.1974720525294245,0.4984154838764753,0.2885869646265718,-0.00029634201200678945,0.9997220039367676,0.4990620017051697,0.04851312506943942,0.24784624576568604,0.7478147447109222,0.9485672920942306,-3.705240971998001e-05,-1.1984387344585103,0.5000970908760828,0.2885200781015063,-0.0008620760054327548,1.0001300573349,0.5000375062227249,0.049963789433240896,0.25125474482774734,0.7522107511758804,0.9483747631311416,0.0008922104829442307,-1.194876578062025,-5.3539382692575455,1.5006848662830068,-7.515520095825195,-3.2696900367736816,-4.159440040588379,-7.177296352386475,-6.945365071296692,-3.959632456302643,-3.768417024612427,-0.14345753430980224,-1.933081519082029,1.151553879717365,0.5533540499576162,0.0605640783905983,3.5289270877838135,1.074836552143097,0.381755393743515,0.7464530766010284,1.4753329157829285,2.1714692473411557,0.7946697219297835,0.7449978610234291,8.935435256689788,2.434174383562482,1.1545100212097168,16.19849967956543,9.074029922485352,4.662017488479615,7.401830077171326,10.617975234985352,12.662040376663207,-0.3025464815633716,0.08999506302152582,Zr46Cu46Al8,Zr46Cu46Al8_843.0K.cfg,C:\Users\Admin\Downloads\cfg data\mapped_cfg_and_metadata\mapped_cfg_Zr46Cu46Al8\Zr46Cu46Al8_843.0K.cfg,843.0,-7.724457862504274
4000,1.54925,0.5753906824932082,1.0,3.0,2.0,1.0,1.0,2.0,2.0,0.46471453515129335,-0.7284422518530458,0.4999145073432701,0.2882379209325803,-0.0038807899691164494,1.004040002822876,0.4979639947414398,0.04997303932905197,0.25102949142456055,0.7488029897212982,0.9491453915834427,0.001615685480256972,-1.1994309496211262,0.4993877488497965,0.28857435258712905,-0.00425188010558486,1.0033700466156006,0.4992785006761551,0.048437905684113505,0.24943600222468376,0.7503852397203445,0.9491614997386932,-0.0004712529374924719,-1.1983428395547802,0.5001195498452653,0.2882126208543603,-0.0045211901888251305,1.003909945487976,0.5022625029087067,0.05064470171928406,0.2520752549171448,0.748560756444931,0.9496327221393585,0.0016086099144673044,-1.1946542229566819,-5.345497980177402,1.5001728967522148,-7.4339399337768555,-3.391849994659424,-4.153830051422119,-7.159006881713867,-6.935774922370911,-3.9546624422073364,-3.7585605144500733,-0.14293816057491976,-1.932776083601421,1.1780257234200835,0.5570558749973804,0.08171908557415009,4.148626804351807,1.112468659877777,0.41445266604423525,0.7712187767028809,1.500747174024582,2.199245345592498,0.9195426472998643,1.548267965293868,8.937242449939252,2.4828619661060567,1.0047600269317627,18.305599212646484,9.08749532699585,4.5001205682754515,7.397207617759705,10.69564962387085,12.722154617309567,-0.2956039788712609,-0.019625010463566017,Zr46Cu46Al8,Zr46Cu46Al8_861.0K.cfg,C:\Users\Admin\Downloads\cfg data\mapped_cfg_and_metadata\mapped_cfg_Zr46Cu46Al8\Zr46Cu46Al8_861.0K.cfg,861.0,-8.474475568982276
4000,1.54925,0.5753906824932082,1.0,3.0,2.0,1.0,1.0,2.0,2.0,0.46471453515129335,-0.7284422518530458,0.5001668071608437,0.28807915120546357,-0.007285240106284618,1.0067700147628784,0.4996345043182373,0.050959226489067075,0.2503879964351654,0.7499047666788101,0.9501952886581421,-0.0007849762717421904,-1.1961981513812856,0.49890911406336363,0.28864155923324686,-0.002243249909952283,1.003909945487976,0.499876007437706,0.04971860032528639,0.2501180022954941,0.7477912604808807,0.9486042261123656,0.001112768659411572,-1.1975391540268232,0.5011236154545768,0.28841948603071105,-0.0055266800336539745,1.0035500526428223,0.5027205049991608,0.05089368484914303,0.25231724977493286,0.7511175125837326,0.9513198047876358,-0.002253776207501285,-1.1951665302611898,-5.344179276466369,1.5017361280024724,-7.403840065002441,-3.288670063018799,-4.150149822235107,-7.161046719551086,-6.938767671585083,-3.950372576713562,-3.7502105593681336,-0.14257461973435773,-1.9322307922802504,1.163951909441501,0.5548710482146761,0.06800659000873566,3.574841260910034,1.0859361290931702,0.41294787973165514,0.7488637268543243,1.5021981000900269,2.1646736502647395,0.796725320662074,0.7487849598252501,8.919315178662538,2.4460367709181856,1.2414100170135498,16.371299743652344,9.096429824829102,4.402154326438904,7.392497658729553,10.617075204849243,12.64894504547119,-0.3236266495293321,-0.04978774309923795,Zr46Cu46Al8,Zr46Cu46Al8_879.0K.cfg,C:\Users\Admin\Downloads\cfg data\mapped_cfg_and_metadata\mapped_cfg_Zr46Cu46Al8\Zr46Cu46Al8_879.0K.cfg,879.0,-9.12344618016764
4000,1.54925,0.5753906824932082,1.0,3.0,2.0,1.0,1.0,2.0,2.0,0.46471453515129335,-0.7284422518530458,0.5004598601948219,0.28815775926018117,-0.0013064600061625242,1.0000300407409668,0.49995049834251404,0.05088028144091368,0.25025899708271027,0.7499949932098389,0.9495468229055405,0.00035701021826348807,-1.1954019372650044,0.49965622864734177,0.28859741846281217,-0.00039637499139644206,1.001539945602417,0.5015555024147034,0.05020024664700032,0.25027550756931305,0.7488332539796829,0.9495155662298201,-0.0003095313258022211,-1.1985482151158178,0.5004045780403903,0.2884982787990897,-0.002083210041746497,1.001710057258606,0.5028720200061798,0.05157005898654461,0.2497907467186451,0.7488897442817688,0.9493951827287672,0.0003020386545173478,-1.1963585951955538,-5.341781291663647,1.4977658270477756,-7.550950050354004,-3.4192299842834473,-4.148845195770264,-7.153832054138183,-6.927867650985718,-3.9506500363349915,-3.7630778908729554,-0.14272624435911832,-1.9342166170320354,1.1790618274668232,0.560787206848229,0.05064411833882332,4.129753112792969,1.1038576364517212,0.41788328289985655,0.7706027030944824,1.497001737356186,2.2066922068595884,0.8584819185032425,1.136123500704418,8.989462359517812,2.439478295552384,1.2571200132369995,16.787099838256836,9.08779001235962,4.67522828578949,7.42554497718811,10.692124843597412,12.824740076065062,-0.2558326729471708,-0.06087174783561977,Zr46Cu46Al8,Zr46Cu46Al8_889.0K.cfg,C:\Users\Admin\Downloads\cfg data\mapped_cfg_and_metadata\mapped_cfg_Zr46Cu46Al8\Zr46Cu46Al8_889.0K.cfg,889.0,-9.439438982162034
4000,1.54925,0.5753906824932082,1.0,3.0,2.0,1.0,1.0,2.0,2.0,0.46471453515129335,-0.7284422518530458,0.4996595462130208,0.2880100709447033,-0.003520420053973794,1.0026700496673584,0.4995269924402237,0.05096079874783756,0.2505194917321205,0.7489397376775742,0.9494306027889251,0.001717611310921577,-1.1944447191512972,0.49863731796354843,0.28880634847494296,-0.006247119978070259,1.0014899969100952,0.49796299636363983,0.04929809086024762,0.2492777518928051,0.7480429857969284,0.9503935247659682,0.000355960369205412,-1.1984744989457912,0.499131636662114,0.28845472010402234,-0.002944309962913394,1.0026500225067139,0.4999765157699585,0.04848801326006651,0.2512750029563904,0.7470375150442123,0.9499174416065216,0.0016840714174362651,-1.1962179968647957,-5.339270953893662,1.4978291454649975,-7.400060176849365,-3.2402899265289307,-4.152694940567017,-7.161160492897034,-6.927637457847595,-3.9543075561523438,-3.741627907752991,-0.14259681419360185,-1.9298328537269076,1.1801115938052535,0.5824141157364443,0.06303629279136658,4.690515995025635,1.0993639826774597,0.40027204900979996,0.7590622454881668,1.5073971152305603,2.238661158084869,1.020217862965232,1.9084563112290294,9.007513731956482,2.439733347422867,0.7720299959182739,16.45829963684082,9.150829792022705,4.602828955650329,7.472182393074036,10.726850032806396,12.747354602813719,-0.3117329013231072,0.0632604483028043,Zr46Cu46Al8,Zr46Cu46Al8_897.0K.cfg,C:\Users\Admin\Downloads\cfg data\mapped_cfg_and_metadata\mapped_cfg_Zr46Cu46Al8\Zr46Cu46Al8_897.0K.cfg,897.0,-9.667637487609952
4000,1.54925,0.5753906824932082,1.0,3.0,2.0,1.0,1.0,2.0,2.0,0.46471453515129335,-0.7284422518530458,0.5012027130315837,0.28834719586296986,-0.0033924500457942486,1.0012400150299072,0.5001915097236633,0.05192079041153193,0.24957600235939026,0.7507462352514267,0.951060277223587,0.0023218734434450445,-1.1975717189711585,0.4998805855966439,0.2885148722046754,-0.006197600159794092,0.9996150135993958,0.5012415051460266,0.04940482471138239,0.25227876007556915,0.7499137371778488,0.9501291304826736,-0.0011576872650415505,-1.1973662553371744,0.5006835838029583,0.28840945227188214,-0.002286969916895032,1.0020099878311157,0.5023699998855591,0.05039270333945752,0.25259149819612503,0.7496995031833649,0.9505792438983917,0.0020207195730436184,-1.195306235364681,-5.3367530831694605,1.4961291289421912,-7.4930100440979,-3.280369997024536,-4.153859853744507,-7.145599222183227,-6.922902584075928,-3.9500325322151184,-3.738844013214112,-0.14229539282677392,-1.9303100422657302,1.2087399219311774,0.5890911829091349,0.06961268931627274,4.871264934539795,1.132032036781311,0.4152337834239006,0.7731810659170151,1.5447308719158173,2.2762959837913512,0.9245664577634111,1.3894984161395962,8.997697588562966,2.444098574706534,1.0145699977874756,17.487699508666992,9.118494987487793,4.659041690826416,7.480682611465454,10.694975137710571,12.73581519126892,-0.28224862886624374,0.12091587150667715,Zr46Cu46Al8,Zr46Cu46Al8_906.0K.cfg,C:\Users\Admin\Downloads\cfg data\mapped_cfg_and_metadata\mapped_cfg_Zr46Cu46Al8\Zr46Cu46Al8_906.0K.cfg,906.0,-9.896380981063924
4000,1.54925,0.5753906824932082,1.0,3.0,2.0,1.0,1.0,2.0,2.0,0.4647145351512933,-0.7284422518530458,0.5009309331239201,0.2883347960368065,-0.0057337298057973385,1.0120699405670166,0.5025164783000946,0.05004643350839616,0.2508910074830055,0.7517349720001221,0.9492442399263381,-5.095531058860361e-05,-1.1953437180153392,0.4998935792223347,0.2887082555245184,-0.008064810186624527,1.0085099935531616,0.5009254813194275,0.05069405902177096,0.2510659992694855,0.74925197660923,0.950798299908638,-0.0016604190098761437,-1.1994155580604584,0.49939820576905913,0.2886068288690952,-0.007508649956434965,1.0032999515533447,0.4991240054368973,0.04910639431327581,0.24796399846673012,0.7494747787714005,0.950361168384552,0.0009575607893088243,-1.1986270751220065,-5.336526533901692,1.500559851021397,-7.486909866333008,-3.323080062866211,-4.144860029220581,-7.160157036781311,-6.923309803009033,-3.946120023727417,-3.7426700592041016,-0.14249442250122848,-1.9324455700031575,1.1930805567502976,0.569251441650393,0.07098723948001862,3.6750690937042236,1.116676688194275,0.41533984541893004,0.768552616238594,1.5237962305545807,2.2591651558876036,0.7835829209660532,0.6453964888080463,8.982535510897636,2.401505789235704,1.2025799751281738,16.26409912109375,9.128849983215332,4.617483329772949,7.521482586860657,10.6072998046875,12.711359882354737,-0.3232254212802238,0.1674916683572487,Zr46Cu46Al8,Zr46Cu46Al8_934.0K.cfg,C:\Users\Admin\Downloads\cfg data\mapped_cfg_and_metadata\mapped_cfg_Zr46Cu46Al8\Zr46Cu46Al8_934.0K.cfg,934.0,-10.418573591712816
4000,1.54925,0.5753906824932082,1.0,3.0,2.0,1.0,1.0,2.0,2.0,0.46471453515129335,-0.7284422518530453,0.5004731657810698,0.2881789297148009,-0.0026123200077563524,1.003730058670044,0.49996449053287506,0.05019769109785557,0.2504950016736984,0.7498632669448853,0.9493501186370848,0.00047551496764727347,-1.194973463615652,0.5001032345312415,0.28878787007471973,-0.0015745200216770172,1.013319969177246,0.5029459893703461,0.05064479913562537,0.2517850026488304,0.7482399940490723,0.9505773067474366,-0.002173269045686169,-1.1980472995650617,0.5006166414891923,0.28867735353996427,-0.002256409963592887,1.0027999877929688,0.5011399984359741,0.05040272492915392,0.2516937404870987,0.7498522400856018,0.9499137371778488,-0.0011321436892586085,-1.1980757154976043,-5.333525347352028,1.4982246808276136,-7.49360990524292,-3.001610040664673,-4.150799989700317,-7.148084878921509,-6.92140257358551,-3.9444699883461,-3.7417079687118533,-0.14135098240289665,-1.9315062256094757,1.2078109908383339,0.5707034529067722,0.09006428718566895,3.7462875843048096,1.1257336735725403,0.4080859184265137,0.7858233153820038,1.5398813784122467,2.284768056869506,0.7492001827231088,0.4970468559993,8.995761999070645,2.4596630840462708,1.282789945602417,17.72450065612793,9.188024997711182,4.440299057960511,7.4830650091171265,10.690099954605103,12.706370067596433,-0.33727206185591446,0.07441054882503728,Zr46Cu46Al8,Zr46Cu46Al8_938.0K.cfg,C:\Users\Admin\Downloads\cfg data\mapped_cfg_and_metadata\mapped_cfg_Zr46Cu46Al8\Zr46Cu46Al8_938.0K.cfg,938.0,-10.472154218051564
4000,1.54925,0.5753906824932082,1.0,3.0,2.0,1.0,1.0,2.0,2.0,0.46471453515129335,-0.7284422518530453,0.5004221363415918,0.2882690348992182,-0.0019549799617379904,1.0025299787521362,0.5001694858074188,0.050338410586118695,0.25206025689840317,0.7486664950847626,0.9507207751274108,0.0011385151810183786,-1.1971666066769318,0.5016347809208528,0.28869862534084917,-0.00712207006290555,1.0015599727630615,0.4993314892053604,0.0537557639181614,0.2516629993915558,0.7509097456932068,0.9504909723997116,-0.0012269441250906013,-1.1978354553593957,0.5008788222479343,0.2886263436406879,-0.0017774200532585382,1.0000499486923218,0.5005815029144287,0.050040589086711405,0.25156351178884506,0.750931516289711,0.9494228392839431,0.0010027071898362242,-1.1981515323381802,-5.330294044315815,1.4985786468459492,-7.40132999420166,-3.299180030822754,-4.147439956665039,-7.144592905044556,-6.919342517852783,-3.94438499212265,-3.7309634327888492,-0.14150038240298776,-1.9307054883650976,1.216862503956072,0.5919737976162339,0.05469169095158577,4.466340065002441,1.133351743221283,0.41533285677433013,0.790697455406189,1.5519334971904755,2.311666905879974,0.9271493101704946,1.333276880404358,9.057958539366721,2.39358311959329,0.8513879776000977,18.158199310302734,9.15608024597168,4.899696183204651,7.523489832878113,10.6875,12.795504951477048,-0.2438229584029423,0.1550404257743465,Zr46Cu46Al8,Zr46Cu46Al8_940.0K.cfg,C:\Users\Admin\Downloads\cfg data\mapped_cfg_and_metadata\mapped_cfg_Zr46Cu46Al8\Zr46Cu46Al8_940.0K.cfg,940.0,-10.497372767614465
4000,1.54925,0.5753906824932082,1.0,3.0,2.0,1.0,1.0,2.0,2.0,0.46471453515129335,-0.7284422518530458,0.5009072710372348,0.2881630111022523,-0.0016386799979954958,1.0016800165176392,0.5002689957618713,0.05117451846599579,0.25280723720788956,0.7504894882440567,0.949455913901329,-0.0016163561183015227,-1.1977080993939015,0.5006054096117335,0.2887387733675806,-0.0029833600856363773,1.003640055656433,0.5012804865837097,0.04941922165453434,0.2499530091881752,0.7505405098199844,0.9505216419696808,-0.0004926787398705243,-1.1996827539356507,0.5001705837082318,0.2886590956246792,-0.002531809965148568,1.001289963722229,0.4998380094766617,0.048908278718590735,0.25027699396014214,0.7498500198125839,0.9504729777574535,0.001908764753939325,-1.197383987289567,-5.327404280662536,1.495851616474769,-7.4245100021362305,-3.311729907989502,-4.143615007400513,-7.138706922531128,-6.914394974708557,-3.94058495759964,-3.74332400560379,-0.14213703660191285,-1.9312308070054,1.2256401325138286,0.5993088697561727,0.04856580123305321,4.72179651260376,1.1484763026237488,0.4066519051790237,0.7843020111322403,1.5763722956180573,2.291905105113983,0.8763520990693198,1.3429548827227897,9.066318364202976,2.391735855569784,1.316890001296997,17.652799606323242,9.215929985046387,4.880802917480469,7.563454985618591,10.693000078201294,12.754919862747192,-0.2886624020585803,0.10073293308057618,Zr46Cu46Al8,Zr46Cu46Al8_944.0K.cfg,C:\Users\Admin\Downloads\cfg data\mapped_cfg_and_metadata\mapped_cfg_Zr46Cu46Al8\Zr46Cu46Al8_944.0K.cfg,944.0,-10.544766793246414
4000,1.54925,0.5753906824932082,1.0,3.0,2.0,1.0,1.0,2.0,2.0,0.46471453515129335,-0.7284422518530453,0.5016051777639877,0.2882639268673472,-0.0011341399513185024,1.0067800283432007,0.5014550089836121,0.05207386389374733,0.2522040084004402,0.7511477321386337,0.9508109718561172,6.0818379168599804e-05,-1.1979179847735995,0.5006006024146991,0.28898151409643574,-0.0006915649864822626,1.0011099576950073,0.5029660165309906,0.05001814551651478,0.2501559928059578,0.7497537434101105,0.9498015701770782,-0.004616156513300695,-1.201920899520854,0.5002087547038682,0.28862195952702985,-0.002121689962223172,1.0034500360488892,0.49931949377059937,0.05155641958117487,0.2503814920783043,0.7493287622928619,0.9495296597480773,0.000615890580695792,-1.2003818249518436,-5.320985987663269,1.4952545722977073,-7.474420070648193,-3.343709945678711,-4.148669958114624,-7.125495672225952,-6.90150511264801,-3.9287999272346497,-3.732740962505341,-0.14138578835708454,-1.9324135640872948,1.2590566443968565,0.5947216901011751,0.07582525163888931,4.579279899597168,1.183763325214386,0.4336259990930557,0.818503811955452,1.6134453117847443,2.340717232227325,0.7919312724098363,0.872496902950366,9.142776235073805,2.440646139320409,0.8546029925346375,17.641599655151367,9.23277997970581,4.810650897026062,7.675775051116943,10.822800159454346,12.911360216140745,-0.293811968211809,0.24619636353591812,Zr46Cu46Al8,Zr46Cu46Al8_947.0K.cfg,C:\Users\Admin\Downloads\cfg data\mapped_cfg_and_metadata\mapped_cfg_Zr46Cu46Al8\Zr46Cu46Al8_947.0K.cfg,947.0,-10.57792723482894
4000,1.54925,0.5753906824932082,1.0,3.0,2.0,1.0,1.0,2.0,2.0,0.4647145351512933,-0.7284422518530458,0.5009275868861187,0.2883523034501422,-0.00419199001044035,1.002750039100647,0.5010434985160828,0.05000623427331448,0.2498282454907894,0.7514385133981705,0.9502254158258437,-0.0017286407431603055,-1.1967583200325211,0.5008627293299068,0.28860282342609433,-0.0068481601774692535,1.006700038909912,0.5014680027961731,0.05122042037546635,0.2509242445230484,0.7510334849357605,0.951010426878929,-0.0021803529088285285,-1.1981477109406526,0.4991486251457973,0.28846989822128705,-0.006911930162459612,1.002619981765747,0.49885550141334534,0.04929374381899834,0.24912425130605698,0.7481417208909988,0.9481084614992141,0.0029720272101989072,-1.1966477286364552,-5.327896063745022,1.492553514104403,-7.409289836883545,-3.3530399799346924,-4.155349969863892,-7.137536334991455,-6.910797476768494,-3.939525008201599,-3.741507935523987,-0.1417439993802386,-1.932569123888581,1.218009899644181,0.5758850207842421,0.08193889260292053,3.839717388153076,1.135465145111084,0.417177914083004,0.8009091019630432,1.5613330006599426,2.2810229539871214,0.7711882015122784,0.6583532448834695,9.02699184319377,2.4353525474827293,1.477120041847229,17.56730079650879,9.128099918365479,4.695161175727844,7.512669920921326,10.712424755096436,12.85183982849121,-0.281759908180674,0.02251294070546317,Zr46Cu46Al8,Zr46Cu46Al8_974.0K.cfg,C:\Users\Admin\Downloads\cfg data\mapped_cfg_and_metadata\mapped_cfg_Zr46Cu46Al8\Zr46Cu46Al8_974.0K.cfg,974.0,-10.807814795910408
4000,1.54925,0.5753906824932082,1.0,3.0,2.0,1.0,1.0,2.0,2.0,0.46471453515129335,-0.7284422518530458,0.5007002776984846,0.2884287988711384,-0.00256175990216434,1.0059200525283813,0.5017924904823303,0.05292965117841959,0.2504567429423332,0.7507907599210739,0.94957917034626,0.003092734438747905,-1.1986192090452816,0.5011109618795053,0.28881902127480635,-0.004153890069574118,1.0060399770736694,0.5010224878787994,0.05182490460574627,0.2506000027060509,0.7514142394065857,0.9493675857782363,-0.003779872732925758,-1.2006901927185276,0.49920522357196206,0.2884029606515086,-0.005762740038335323,1.0021100044250488,0.49845050275325775,0.04776695612818003,0.2497127503156662,0.748619481921196,0.949642077088356,0.00033381312213206414,-1.1974314079080082,-5.322715412855148,1.4932793089899046,-7.448040008544922,-3.311300039291382,-4.143524885177612,-7.131078457832336,-6.905970096588135,-3.940952479839325,-3.732865417003632,-0.1425989568981921,-1.930399721808838,1.244917433347553,0.6077585077006953,0.07616610825061798,3.77656626701355,1.162884533405304,0.411380210518837,0.7984717786312103,1.5903457701206207,2.3991585731506335,0.788348353292727,0.6066402102062121,9.167655970007182,2.386949140644304,1.307360053062439,16.56209945678711,9.325510025024414,4.929564690589904,7.655637621879578,10.79604983329773,12.8390200138092,-0.328303380915779,0.1958301934576121,Zr46Cu46Al8,Zr46Cu46Al8_989.0K.cfg,C:\Users\Admin\Downloads\cfg data\mapped_cfg_and_metadata\mapped_cfg_Zr46Cu46Al8\Zr46Cu46Al8_989.0K.cfg,989.0,-10.902215196529609
4000,1.52175,0.6033464489826721,1.0,3.0,1.0,1.0,1.0,2.0,3.0,0.6985448595866112,-0.4767606568723646,0.5007712870059177,0.2886799514659693,1.1450199963292107e-05,0.9993879795074463,0.4998065084218979,0.05070743169635535,0.2506774961948395,0.7512019723653793,0.9522703349590301,0.004182916250120086,-1.2025065344788943,0.4992596692050865,0.28888962612249075,0.0005190119845792651,1.0002199411392212,0.49792149662971497,0.04974113963544369,0.2505900040268898,0.7476267516613007,0.9495120793581009,0.0003927536870224567,-1.1988289285779477,0.499786555581094,0.288232932452056,5.6889100960688666e-05,0.9996740221977234,0.4989379942417145,0.052116491273045545,0.24989299848675728,0.7476384788751602,0.9492539584636688,-0.00014374402014837262,-1.196889881938443,-5.217582860171795,1.5617024105209691,-7.58411979675293,-3.413830041885376,-4.061694860458374,-7.289391040802002,-7.049267530441284,-3.911857485771179,-3.7384069919586183,-0.37909868644229067,-1.8187035327942846,0.9979643595796078,0.47592902288776856,0.06367827951908112,3.502349853515625,0.9276196360588074,0.3413205400109291,0.6464162468910217,1.2839971482753754,1.8855267524719233,0.760324924881622,0.6562257517689898,8.45215695913136,2.5399470595591813,0.8534119725227356,15.875200271606445,8.671384811401367,3.7268515825271606,6.846215128898621,10.242150068283081,12.298810434341426,-0.32973289030236597,-0.14976600155818298,Zr50Cu40Al10,Zr50Cu40Al10_621.0K.cfg,C:\Users\Admin\Downloads\cfg data\mapped_cfg_and_metadata\mapped_cfg_Zr50Cu40Al10\Zr50Cu40Al10_621.0K.cfg,621.0,15.673249754120494
4000,1.52175,0.6033464489826721,1.0,3.0,1.0,1.0,1.0,2.0,3.0,0.6985448595866109,-0.4767606568723646,0.4995218792115265,0.28857511917698436,-0.0039980001747608185,1.0035500526428223,0.49785299599170685,0.0506698664277792,0.24883850663900375,0.7496310174465179,0.9506043940782547,0.004446992167639891,-1.2022483117844613,0.49802077445921894,0.28907609133493894,-0.0046271998435258865,1.0035899877548218,0.49616849422454834,0.04889944158494473,0.24755999445915222,0.746439978480339,0.9486036509275434,0.0015893947206518015,-1.2004493832562124,0.4998449796322311,0.28822955946778667,-0.002938179997727275,1.0022300481796265,0.4986709952354431,0.05140424109995365,0.25126075744628906,0.7495339959859848,0.9498829901218414,-0.0017107055930307396,-1.1974670683281428,-5.2149956773519515,1.5595397301828526,-7.591800212860107,-3.358030080795288,-4.064419984817505,-7.28209068775177,-7.043247580528259,-3.909042477607727,-3.736513090133667,-0.3778779631113919,-1.8178083520658612,1.0153721495224164,0.4810881096395716,0.054624397307634354,3.1920700073242188,0.9438194334506989,0.35787571817636493,0.6608631312847137,1.302886813879013,1.8901906728744502,0.7974705741536887,0.7316084629954624,8.402705296233297,2.513161910245207,0.6505230069160461,16.440500259399414,8.604384899139404,3.6747159838676455,6.882092714309692,10.149549722671509,12.207394647598264,-0.3570592739426901,-0.07464624672339193,Zr50Cu40Al10,Zr50Cu40Al10_625.0K.cfg,C:\Users\Admin\Downloads\cfg data\mapped_cfg_and_metadata\mapped_cfg_Zr50Cu40Al10\Zr50Cu40Al10_625.0K.cfg,625.0,14.711243297173414
4000,1.52175,0.6033464489826721,1.0,3.0,1.0,1.0,1.0,2.0,3.0,0.6985448595866112,-0.4767606568723646,0.501523713640141,0.28861323167266845,-0.00231329002417624,1.0094900131225586,0.49956999719142914,0.05178608167916537,0.2519947439432144,0.750812754034996,0.9523419618606567,0.005475404646261281,-1.200859149755571,0.5002645203010179,0.28907882602491275,-0.004534970037639141,1.007140040397644,0.49907949566841125,0.05086105652153492,0.2493947520852089,0.7508690059185028,0.9508083760738372,0.0015382988092138066,-1.2023393008874321,0.4998057064208697,0.28837819626883315,-0.005381150171160698,1.0140399932861328,0.498212993144989,0.050772346183657655,0.25076625496149063,0.7493094950914383,0.9498005628585815,0.0011458411180821507,-1.198030323932305,-5.213252865195274,1.5572342609691783,-7.584239959716797,-3.208209991455078,-4.062279939651489,-7.276940846443177,-7.038330078125,-3.910784900188446,-3.7357705354690554,-0.3785343110721174,-1.8183876055226869,1.0133387700682506,0.4718988549657686,0.025515813380479813,3.358552932739258,0.960031121969223,0.3509631112217903,0.6603486090898514,1.2994345724582672,1.873266851902008,0.7484551269549862,0.7294993000990124,8.421554541066289,2.511205853186333,0.9648939967155457,15.128600120544434,8.61877965927124,3.8595893859863284,6.77926766872406,10.236725330352783,12.313780403137205,-0.32067534262845826,-0.18180094518235101,Zr50Cu40Al10,Zr50Cu40Al10_637.0K.cfg,C:\Users\Admin\Downloads\cfg data\mapped_cfg_and_metadata\mapped_cfg_Zr50Cu40Al10\Zr50Cu40Al10_637.0K.cfg,637.0,12.03928921382157
4000,1.52175,0.6033464489826721,1.0,3.0,1.0,1.0,1.0,2.0,3.0,0.6985448595866109,-0.4767606568723646,0.5000927586073521,0.28885932157099664,-0.0022590099833905697,1.0000799894332886,0.4988330006599426,0.05038809608668089,0.25029925256967545,0.7499790191650391,0.949576637148857,0.0048445587934331895,-1.2023574539149149,0.5002606270283432,0.2889456025988018,-0.008392070420086384,1.0036200284957886,0.4989819973707199,0.05060877427458763,0.24962374567985535,0.7481617629528046,0.9506577283143997,0.0012344998083452185,-1.1999829820612955,0.5000675546579969,0.28837019942553366,-0.006525250151753426,1.0048600435256958,0.4982385039329529,0.051338773965835575,0.24959999322891235,0.7488915175199509,0.9503577679395675,0.0002469836598767311,-1.1986594157123238,-5.212135936439037,1.5579526932500862,-7.57781982421875,-3.2221200466156006,-4.063465118408203,-7.284269785881042,-7.036237478256226,-3.914064943790436,-3.734963083267212,-0.37924536929434555,-1.815503801672489,1.0370995975797996,0.48723209969537645,0.03162645921111107,4.043113708496094,0.9724469780921936,0.3678880497813225,0.6903185844421387,1.3089098036289215,1.9235417485237116,0.9367217358863791,1.602653608877013,8.491791893780231,2.5177081636247047,1.1603599786758423,15.510499954223633,8.674799919128418,3.9260941028594973,6.854857563972473,10.320449590682983,12.33676028251648,-0.32666378971128046,-0.15169166051775962,Zr50Cu40Al10,Zr50Cu40Al10_653.0K.cfg,C:\Users\Admin\Downloads\cfg data\mapped_cfg_and_metadata\mapped_cfg_Zr50Cu40Al10\Zr50Cu40Al10_653.0K.cfg,653.0,8.958666552346887
4000,1.52175,0.6033464489826721,1.0,3.0,1.0,1.0,1.0,2.0,3.0,0.6985448595866112,-0.4767606568723646,0.5008106803403934,0.2887137344569262,0.0007084949756972492,1.0004299879074097,0.49933551251888275,0.05031614415347577,0.25199174135923386,0.7511790245771408,0.9515398800373076,0.0033336405351148467,-1.2029790014051935,0.4989890155862777,0.28892995687649814,0.0001295950060011819,1.0012500286102295,0.49593399465084076,0.04964818842709065,0.2479654960334301,0.7487089782953262,0.9501985937356949,0.002582737997853515,-1.2003930954701738,0.49878246003817184,0.288441200320222,0.0005963009898550808,0.9997739791870117,0.4974445104598999,0.050196704454720034,0.24995874240994453,0.7483014762401581,0.9495571792125701,0.0008622959317864636,-1.1991310762053429,-5.211171952605247,1.5587638852832586,-7.609479904174805,-3.381659984588623,-4.053869962692261,-7.2781064987182615,-7.040389895439148,-3.909375011920929,-3.7319523930549625,-0.378838685829066,-1.8181003662346737,1.0211071817167103,0.48894228591634226,0.04480474814772606,3.5573551654815674,0.9615544378757477,0.33408217728137973,0.6607634723186493,1.303847312927246,1.9138624310493464,0.7358923994322869,0.6374568496947468,8.468735582232476,2.497232375747202,0.9059360027313232,16.043399810791016,8.648320198059082,3.7471904873847963,6.961207628250122,10.215125322341919,12.272290182113645,-0.34087341271646077,-0.10024869056727725,Zr50Cu40Al10,Zr50Cu40Al10_671.0K.cfg,C:\Users\Admin\Downloads\cfg data\mapped_cfg_and_metadata\mapped_cfg_Zr50Cu40Al10\Zr50Cu40Al10_671.0K.cfg,671.0,5.866059842560317
4000,1.52175,0.6033464489826721,1.0,3.0,1.0,1.0,1.0,2.0,3.0,0.6985448595866112,-0.4767606568723646,0.4993100796942999,0.28871097100125886,-0.0038450700230896473,1.0031299591064453,0.4986640065908432,0.04909873902797699,0.24785875529050827,0.7483514994382858,0.9506596028804779,0.004244517709858704,-1.2030349961627762,0.4982564037713328,0.288764470600344,-0.002305499976500869,1.0054800510406494,0.49656450748443604,0.04941162373870611,0.24854300543665886,0.7475995123386383,0.9495304971933364,0.0038244939218243755,-1.1979778949311355,0.49928930076080724,0.28846533576153194,-0.004688079934567213,1.001230001449585,0.49795399606227875,0.049642425030469894,0.24986400455236435,0.7473942637443542,0.9489941805601119,-0.002231604464288933,-1.1981160736083576,-5.208439349412918,1.5562956724470687,-7.6386799812316895,-3.4666500091552734,-4.0572850704193115,-7.276975393295288,-7.030244946479797,-3.9056849479675293,-3.733854067325592,-0.3795921427069586,-1.8173468041451313,1.0511601447621362,0.48632820342752836,0.021615106612443924,3.8677706718444824,0.9922109246253967,0.371065217256546,0.6859620064496994,1.337433934211731,1.9446533441543574,0.7711476091953126,0.92960793297308,8.502487196952105,2.542854310995685,1.057360053062439,15.605899810791016,8.695765018463135,3.8572769045829776,6.893132448196411,10.350424766540527,12.27927026748657,-0.3503040241341596,-0.15300144337566213,Zr50Cu40Al10,Zr50Cu40Al10_676.0K.cfg,C:\Users\Admin\Downloads\cfg data\mapped_cfg_and_metadata\mapped_cfg_Zr50Cu40Al10\Zr50Cu40Al10_676.0K.cfg,676.0,5.107508850582301
4000,1.52175,0.6033464489826721,1.0,3.0,1.0,1.0,1.0,2.0,3.0,0.6985448595866109,-0.4767606568723646,0.49975775233450986,0.288811618376734,-0.00699537992477417,1.001870036125183,0.49856849014759064,0.05001142919063569,0.24894899502396584,0.749694749712944,0.9512990057468415,0.004256572346082386,-1.201148068477628,0.4995423315652079,0.2889824567194507,-0.008109389804303646,1.0122100114822388,0.4987284988164902,0.05037028957158328,0.250069260597229,0.7498804777860641,0.9508969426155089,0.0027146999483462966,-1.1986571887502306,0.49955963993059416,0.28810382187022765,-0.011256800033152103,1.0053600072860718,0.4986575096845627,0.04858541116118431,0.2507399916648865,0.7476554960012436,0.94626644551754,-0.005220023869815037,-1.196562137806613,-5.202842213869095,1.559039686338321,-7.556240081787109,-3.245990037918091,-4.055969953536987,-7.271429991722107,-7.031735181808472,-3.902305006980896,-3.7133010029792786,-0.37789233117420795,-1.8167788589255855,1.0787096627429127,0.499397003778201,0.08337569981813431,3.936798572540283,1.0137219429016113,0.39197608828544617,0.7109204977750778,1.3759345412254333,1.992463183403015,0.7815686197669297,0.8171769012681369,8.499528749376536,2.502981448751409,0.7410190105438232,15.30150032043457,8.663794994354248,3.9105120301246643,6.916335105895996,10.319175243377686,12.306330156326293,-0.3124784035677519,-0.1961947439081797,Zr50Cu40Al10,Zr50Cu40Al10_683.0K.cfg,C:\Users\Admin\Downloads\cfg data\mapped_cfg_and_metadata\mapped_cfg_Zr50Cu40Al10\Zr50Cu40Al10_683.0K.cfg,683.0,4.094457424025146
4000,1.52175,0.6033464489826721,1.0,3.0,1.0,1.0,1.0,2.0,3.0,0.6985448595866112,-0.4767606568723646,0.49905493561891673,0.288778799321811,-0.0020525800064206123,1.0006999969482422,0.49834299087524414,0.04915981497615576,0.2486335039138794,0.7491554915904999,0.9505067735910415,0.004043522714355616,-1.2032275536602977,0.498469564199293,0.28874174022101146,-0.0015767200384289026,1.0009900331497192,0.49629849195480347,0.0502165412530303,0.24885499849915504,0.747176006436348,0.9484136253595352,0.0038880507586104675,-1.1989424861618,0.49981506694405836,0.2883211467719298,-0.002195569919422269,1.0026899576187134,0.4999745041131973,0.050339569151401524,0.25163549184799194,0.7485997676849365,0.9487168788909911,-0.003115327965214103,-1.1972138631902114,-5.207006504714489,1.5589189123558391,-7.61752986907959,-3.3670198917388916,-4.056139945983887,-7.264661383628845,-7.0459699630737305,-3.9042325019836426,-3.7185184597969054,-0.3783888062703487,-1.8181039533957633,1.035670394842513,0.4913263703520653,0.05571950599551201,3.867236614227295,0.9700558483600616,0.3535616844892502,0.6693691164255142,1.3245139718055725,1.92645605802536,0.7973826106342542,1.0503065533771565,8.468171854019165,2.525960306085402,0.988427996635437,16.3710994720459,8.670300006866455,3.7194615721702577,6.893615126609802,10.209999799728394,12.315364742279051,-0.3387345674821934,-0.0760765778589092,Zr50Cu40Al10,Zr50Cu40Al10_690.0K.cfg,C:\Users\Admin\Downloads\cfg data\mapped_cfg_and_metadata\mapped_cfg_Zr50Cu40Al10\Zr50Cu40Al10_690.0K.cfg,690.0,3.138672607114791
4000,1.52175,0.6033464489826721,1.0,3.0,1.0,1.0,1.0,2.0,3.0,0.6985448595866109,-0.4767606568723646,0.4992360058543018,0.28870492324006264,-0.0035257500130683184,1.0010099411010742,0.4973814934492111,0.05031492337584496,0.24845900386571884,0.7492287456989288,0.9508820921182631,0.004239080743271289,-1.2034994017277658,0.49898091849981574,0.28886824948861894,-0.005045610014349222,1.003290057182312,0.49721699953079224,0.04991207662969828,0.24789850041270256,0.7481050044298172,0.9502243518829344,0.003520037281614421,-1.198353461169336,0.5005076156009746,0.28800600143674365,-0.0019445900106802583,1.0041099786758423,0.500764012336731,0.050140661373734484,0.25199150294065475,0.7482027262449265,0.9499068111181258,-0.004888068525817488,-1.1963855934291037,-5.202689394772053,1.5561441500879825,-7.5604400634765625,-3.3889598846435547,-4.054900169372559,-7.268390679359436,-7.026232361793518,-3.9034125208854675,-3.719794023036957,-0.37897962946336966,-1.8162789097547742,1.0716479173023254,0.5035992517514585,0.0512419193983078,4.104189395904541,0.998910516500473,0.3628550708293915,0.7045106291770935,1.370984435081482,2.007362949848175,0.735996327887166,0.6906809054851055,8.558415413022042,2.490872117991338,0.6614450216293335,16.779399871826172,8.744410037994385,3.9356719255447388,7.083165168762207,10.247900009155273,12.380934715270993,-0.341590119431761,0.09572648252951632,Zr50Cu40Al10,Zr50Cu40Al10_707.0K.cfg,C:\Users\Admin\Downloads\cfg data\mapped_cfg_and_metadata\mapped_cfg_Zr50Cu40Al10\Zr50Cu40Al10_707.0K.cfg,707.0,1.0431721140357704
4000,1.52175,0.6033464489826721,1.0,3.0,1.0,1.0,1.0,2.0,3.0,0.6985448595866109,-0.4767606568723646,0.5002446421404747,0.28857432972346075,-0.002991700079292059,1.0031100511550903,0.49901899695396423,0.051479694060981275,0.25071199238300323,0.7505194991827011,0.9512857913970947,0.0038544576828456836,-1.201426987965225,0.4992561413761523,0.28869226424252953,-0.0070791300386190414,1.000789999961853,0.4978415071964264,0.050494004227221015,0.251329243183136,0.7495777606964111,0.9493431001901627,0.0024945513252599416,-1.1991515724281723,0.500552886668349,0.2882185188511605,-0.001468449947424233,1.005519986152649,0.49941200017929077,0.05092839933931828,0.2511900067329407,0.7487787455320358,0.9493825316429136,-0.0033115113727806658,-1.1957591698505705,-5.201521808564663,1.5548702948796693,-7.536799907684326,-3.31643009185791,-4.053254842758179,-7.270469117164612,-7.025870203971863,-3.9007650017738342,-3.7258594036102295,-0.3787941889916267,-1.8165356926004026,1.080311960206367,0.4954004152256673,0.025758039206266403,3.4610965251922607,1.0154751539230347,0.3824657589197159,0.7126973867416382,1.3927939236164093,1.991339647769927,0.6898592797229571,0.5240458467848512,8.570872440293432,2.4838360585333117,0.9230750203132629,16.333599090576172,8.75875997543335,3.91794650554657,7.018197536468506,10.304874897003174,12.385685062408447,-0.34017904620387335,-0.040965235285634005,Zr50Cu40Al10,Zr50Cu40Al10_725.0K.cfg,C:\Users\Admin\Downloads\cfg data\mapped_cfg_and_metadata\mapped_cfg_Zr50Cu40Al10\Zr50Cu40Al10_725.0K.cfg,725.0,-0.8776832956134046
4000,1.52175,0.6033464489826721,1.0,3.0,1.0,1.0,1.0,2.0,3.0,0.6985448595866109,-0.4767606568723646,0.5009996275136381,0.2886011395326919,-0.006017589941620827,1.005679965019226,0.5004689991474152,0.050949389301240454,0.2507220059633255,0.7506927251815796,0.9527980893850326,0.004119592044825136,-1.2013463737032513,0.4987464193483611,0.288812813892578,-0.005926030222326517,1.0030900239944458,0.4970510005950928,0.04895423874258995,0.24849124625325203,0.7481594830751419,0.9491503179073334,0.001683043687610002,-1.200155312463093,0.5012776489380485,0.28848668404971356,-0.0014479700475931168,1.0039600133895874,0.5021330118179321,0.051589476689696316,0.25218675285577774,0.7500414997339249,0.950488755106926,-0.004895547010604264,-1.1992019894151373,-5.198752617537975,1.5537318079672569,-7.564239978790283,-3.2526800632476807,-4.055579900741577,-7.266144490242004,-7.019709944725037,-3.8960525393486023,-3.718094897270203,-0.3784849669191758,-1.8156580650380694,1.0936081221848726,0.525882669739984,0.07349274307489395,3.589193105697632,1.0364629030227661,0.368924143910408,0.7084697335958481,1.3926831185817719,2.0530460357666014,0.839616616938484,1.0589454607694737,8.552571760937571,2.4363378692666977,0.7068960070610046,16.24180030822754,8.741650104522705,4.125085687637329,7.037550091743469,10.28439998626709,12.213865280151365,-0.3762461171249873,0.020281565074502517,Zr50Cu40Al10,Zr50Cu40Al10_730.0K.cfg,C:\Users\Admin\Downloads\cfg data\mapped_cfg_and_metadata\mapped_cfg_Zr50Cu40Al10\Zr50Cu40Al10_730.0K.cfg,730.0,-1.3630952837694283
4000,1.52175,0.6033464489826721,1.0,3.0,1.0,1.0,1.0,2.0,3.0,0.6985448595866112,-0.4767606568723646,0.5009558436279767,0.2887923608766589,-0.0063935997895896435,1.0065100193023682,0.5007990002632141,0.051400574296712874,0.2518027573823929,0.7504037469625473,0.9521340489387511,0.0038828152475490017,-1.2026307332371555,0.4992160826016916,0.2888168286466815,-0.005684460047632456,1.0049200057983398,0.4977030009031296,0.04954079166054726,0.2493707537651062,0.7484597414731979,0.9497640073299408,0.001964256258793853,-1.199218036276519,0.5017704487816954,0.28818535333239087,-0.006142229773104191,1.0119999647140503,0.5025754868984222,0.05225263852626085,0.25350699573755264,0.7496377676725388,0.9527231752872467,-0.001406578985154271,-1.1963901301566169,-5.196805172681809,1.5511035570865983,-7.556079864501953,-3.234410047531128,-4.0574951171875,-7.257011485099793,-7.018492579460144,-3.8989824652671814,-3.7215760588645934,-0.37839410001277,-1.8156557460898382,1.0894415717022494,0.523492248910316,0.032927822321653366,4.314373970031738,1.0258134007453918,0.38148707449436187,0.7062675803899765,1.3833524882793427,2.049418258666992,0.9058313789220858,1.3934792451865308,8.534190285354853,2.506195773963002,1.2561899423599243,16.0049991607666,8.76946496963501,3.9575820565223694,6.9023600816726685,10.324900150299072,12.34004988670349,-0.3113475110277116,-0.16779817155625132,Zr50Cu40Al10,Zr50Cu40Al10_741.0K.cfg,C:\Users\Admin\Downloads\cfg data\mapped_cfg_and_metadata\mapped_cfg_Zr50Cu40Al10\Zr50Cu40Al10_741.0K.cfg,741.0,-2.3597250869698247
4000,1.52175,0.6033464489826721,1.0,3.0,1.0,1.0,1.0,2.0,3.0,0.6985448595866109,-0.4767606568723646,0.49968682853575686,0.28894830303698354,-0.007364289835095406,1.0071899890899658,0.4986474961042404,0.04946426972746849,0.2500552535057068,0.7504404932260513,0.951067179441452,0.0022148654939098096,-1.2039133341291304,0.4987284045125707,0.288832832251281,-0.008516740053892136,1.0039900541305542,0.4976225048303604,0.05005717389285565,0.24916649982333183,0.7482714951038361,0.950790974497795,0.0035777483354466457,-1.1989924959429967,0.4995436890474884,0.28809043755710106,-0.002935559954494238,1.0047199726104736,0.49861499667167664,0.05011119842529297,0.2507380098104477,0.7487912625074387,0.9491242796182632,-0.000894053266080062,-1.1956851115972693,-5.194725463926792,1.5542983018624386,-7.6335601806640625,-3.2125699520111084,-4.053030014038086,-7.261152887344361,-7.014679908752441,-3.8968724608421326,-3.7117900967597963,-0.37850763118385805,-1.815090358679221,1.100881970542483,0.5280156309288777,0.03741146996617317,3.4523868560791016,1.03638756275177,0.3749981507658958,0.7167671620845795,1.4038023948669434,2.0956785917282104,0.8023315854063098,0.8010763500876217,8.595543283343314,2.485148111236981,1.1943600177764893,16.69099998474121,8.719025135040283,3.9938654422760016,7.101177453994751,10.337525129318237,12.443409967422484,-0.3128953570938683,-0.03958443711818749,Zr50Cu40Al10,Zr50Cu40Al10_752.0K.cfg,C:\Users\Admin\Downloads\cfg data\mapped_cfg_and_metadata\mapped_cfg_Zr50Cu40Al10\Zr50Cu40Al10_752.0K.cfg,752.0,-3.2764099247601512
4000,1.52175,0.6033464489826721,1.0,3.0,1.0,1.0,1.0,2.0,3.0,0.6985448595866112,-0.4767606568723646,0.49847124110389635,0.2890765417832616,-0.0056062000803649426,1.008810043334961,0.4986169934272766,0.05004746578633787,0.2467067539691925,0.7486605048179626,0.9492513537406921,0.0006949397241104572,-1.2058961858575574,0.49877785790347323,0.28891286675826233,-0.0027596100699156523,1.0085200071334839,0.4962805062532425,0.04941340535879135,0.2474380023777485,0.7488562315702438,0.9491675943136214,0.004944768680650153,-1.2000028260293267,0.4997921371736456,0.28817607993684746,-0.0030026601161807775,1.0066900253295898,0.49963949620723724,0.05191575586795807,0.24981975555419922,0.7472915053367615,0.9506315767765043,0.00037911547141287013,-1.1974672985922439,-5.193591443836689,1.5520855256863129,-7.588389873504639,-3.3270699977874756,-4.053405046463013,-7.264234280586242,-7.016409873962402,-3.89593505859375,-3.706240952014923,-0.3782684615602248,-1.8142007489149496,1.0966903650481254,0.5349985209813314,0.07906220108270645,3.7923367023468018,1.021133005619049,0.3528789311647415,0.7064265757799149,1.3990676701068878,2.1171193718910213,0.847690878226698,0.9386297933666103,8.577733504384756,2.4196203530735,1.002210021018982,15.975199699401855,8.774109840393066,4.089004635810852,7.086002588272095,10.249874591827393,12.170544815063476,-0.37236884243303664,0.03594965124941352,Zr50Cu40Al10,Zr50Cu40Al10_771.0K.cfg,C:\Users\Admin\Downloads\cfg data\mapped_cfg_and_metadata\mapped_cfg_Zr50Cu40Al10\Zr50Cu40Al10_771.0K.cfg,771.0,-4.680993068573862
4000,1.52175,0.6033464489826721,1.0,3.0,1.0,1.0,1.0,2.0,3.0,0.6985448595866109,-0.4767606568723646,0.4996650589857309,0.2890874271167543,-0.015159299597144127,1.0071699619293213,0.5011059939861298,0.05035728365182877,0.247980747371912,0.7502809911966324,0.950729516148567,0.002598650871810525,-1.2056718142232843,0.5000201561203057,0.2889019143695303,-0.0030318000353872776,1.0090999603271484,0.4991285055875778,0.050343498773872855,0.25096024572849274,0.7501337677240372,0.9504073709249495,0.0018763485484526148,-1.199272481649638,0.49900862983228583,0.28809216267268833,-0.007851350121200085,1.0051100254058838,0.498025506734848,0.05006630402058363,0.25012700259685516,0.7469094842672348,0.9485101401805878,0.00057402345255344,-1.1960953887374637,-5.19053137087822,1.5513915264582658,-7.583179950714111,-3.1656301021575928,-4.04782509803772,-7.253678655624389,-7.002259850502014,-3.895954966545105,-3.7091415762901305,-0.37921701402966357,-1.8137408167389946,1.099612247686833,0.5201172697669317,0.08894340693950653,3.4462850093841553,1.0217939615249634,0.38207739740610125,0.7227295190095901,1.40554940700531,2.072657525539397,0.7782971254486046,0.6548458530622336,8.656866891384125,2.4349415185107897,1.0027600526809692,16.67609977722168,8.870879650115967,4.169156956672668,7.175459980964661,10.33424973487854,12.35721468925476,-0.36665327486338667,0.04969112675345233,Zr50Cu40Al10,Zr50Cu40Al10_774.0K.cfg,C:\Users\Admin\Downloads\cfg data\mapped_cfg_and_metadata\mapped_cfg_Zr50Cu40Al10\Zr50Cu40Al10_774.0K.cfg,774.0,-4.883695
4000,1.52175,0.6033464489826721,1.0,3.0,1.0,1.0,1.0,2.0,3.0,0.6985448595866109,-0.4767606568723646,0.4994414852565096,0.2889738124429677,0.0005248269881121814,0.9999449849128723,0.4996445029973984,0.04977994952350855,0.246800746768713,0.7493117600679398,0.948577493429184,0.0017992224682980788,-1.204795015894523,0.498798565301051,0.2887655583669498,0.00015345199790317565,0.999800980091095,0.4973980039358139,0.049879871495068076,0.24978750571608543,0.7462712377309799,0.9504789024591446,0.0023394012405097138,-1.199403355015465,0.4999877603777022,0.2878790039940969,5.5862401495687664e-05,0.9998400211334229,0.4982459992170334,0.050906500034034255,0.25118475407361984,0.7482942640781403,0.950534841418266,-0.0025051455328528715,-1.194728797795595,-5.188741126775741,1.5526068903664325,-7.664259910583496,-3.2594900131225586,-4.044960021972656,-7.252931046485901,-7.005972504615784,-3.8910250663757324,-3.714596474170685,-0.3791371197208401,-1.8149019205600079,1.127722423862666,0.5313619620648294,0.10355759412050247,4.322911739349365,1.0561644434928894,0.39183692485094074,0.7409806847572327,1.4403948783874512,2.099048757553099,0.7981962147707492,0.9501695392038281,8.583582563370467,2.443309549890459,0.8259509801864624,15.197600364685059,8.764289855957031,4.100765061378479,7.077025055885315,10.266725301742554,12.212259912490843,-0.35413852518084377,0.020042438689729103,Zr50Cu40Al10,Zr50Cu40Al10_787.0K.cfg,C:\Users\Admin\Downloads\cfg data\mapped_cfg_and_metadata\mapped_cfg_Zr50Cu40Al10\Zr50Cu40Al10_787.0K.cfg,787.0,-5.708111939916121
4000,1.52175,0.6033464489826721,1.0,3.0,1.0,1.0,1.0,2.0,3.0,0.6985448595866109,-0.4767606568723646,0.49869213496692827,0.28892500928354625,-0.005284630227833986,1.0035699605941772,0.499781996011734,0.048581266403198244,0.24827799946069717,0.7478699833154678,0.9489154100418089,-2.0515443208722767e-05,-1.2043933154089927,0.49929009356980625,0.2887486732354371,-0.0006330769974738359,1.003980040550232,0.49677398800849915,0.051363309100270274,0.24904725328087807,0.7478497475385666,0.9498854041099547,0.003719355307931777,-1.1984366270866156,0.4985440181724989,0.28804089658518545,-0.004275199957191944,1.005560040473938,0.4982855021953583,0.04865366891026497,0.2514057457447052,0.7477645128965378,0.9471497803926467,-0.0015129206683441707,-1.1969352314678818,-5.187086362302304,1.5507841153962016,-7.598360061645508,-3.436429977416992,-4.047824859619141,-7.260189962387085,-7.003612637519836,-3.8902300000190735,-3.716657018661499,-0.38060531669057485,-1.8131412729683092,1.1298121475437657,0.5348269980103054,0.04733104258775711,4.354642391204834,1.054261326789856,0.40174600481987,0.7393027693033218,1.4382778406143188,2.1020481824874873,0.8773974106644913,1.3442375922956353,8.650961122512818,2.3985841051535775,1.0902800559997559,15.820599555969238,8.807610034942627,4.418112397193909,7.124512672424316,10.31332516670227,12.389079666137693,-0.29386415479504263,-0.07135066663097689,Zr50Cu40Al10,Zr50Cu40Al10_801.0K.cfg,C:\Users\Admin\Downloads\cfg data\mapped_cfg_and_metadata\mapped_cfg_Zr50Cu40Al10\Zr50Cu40Al10_801.0K.cfg,801.0,-6.506514054071891
4000,1.52175,0.6033464489826721,1.0,3.0,1.0,1.0,1.0,2.0,3.0,0.6985448595866109,-0.4767606568723646,0.49972402354418594,0.2890826958898569,-0.0008471970213577151,1.0005799531936646,0.49995800852775574,0.04998828582465649,0.2482760027050972,0.7504037618637085,0.9505947768688201,0.001198920393569985,-1.2077844342568158,0.49909785866256423,0.28873570500703183,-0.0025022299960255623,1.0029300451278687,0.4981119930744171,0.04970168955624104,0.2495192512869835,0.7477419972419739,0.9500946462154387,0.0031340654268978982,-1.198914707447335,0.4980437513573397,0.28824716530010686,-0.0021613799035549164,1.0015699863433838,0.4969385117292404,0.04989796560257675,0.24877699837088585,0.7459512650966644,0.9482391953468322,-0.0005272530135941956,-1.198064942734579,-5.184629900455475,1.5489502299696336,-7.595399856567383,-3.272429943084717,-4.048900127410889,-7.250625371932983,-6.995922684669495,-3.8882474303245544,-3.7065630555152898,-0.3794219256295647,-1.812059855571665,1.1188518829792737,0.5433335648073866,0.07021824270486832,4.040586948394775,1.040800154209137,0.3698913395404816,0.7203354239463806,1.4472249150276184,2.1037714958190916,0.8135631464549302,0.9998341457548188,8.61065154287219,2.4327768894124095,1.134060025215149,17.21419906616211,8.766989707946777,4.13985047340393,7.09660017490387,10.297475337982178,12.261935091018673,-0.32670892346133457,0.039003414812276205,Zr50Cu40Al10,Zr50Cu40Al10_808.0K.cfg,C:\Users\Admin\Downloads\cfg data\mapped_cfg_and_metadata\mapped_cfg_Zr50Cu40Al10\Zr50Cu40Al10_808.0K.cfg,808.0,-6.873891846496309
4000,1.52175,0.6033464489826721,1.0,3.0,1.0,1.0,1.0,2.0,3.0,0.6985448595866109,-0.4767606568723646,0.498714636438393,0.2888388265650906,-0.004535130225121975,1.005660057067871,0.4988500028848648,0.04964277092367411,0.24769025295972824,0.7489577382802963,0.9480524957180022,0.00024055933577528773,-1.2050103094162385,0.49877369996534615,0.2887607729260592,-0.0033558800350874662,1.0049400329589844,0.4985565096139908,0.04921486154198647,0.24913600087165833,0.7479550093412399,0.9486402511596679,0.0022971928513136827,-1.1993618487196738,0.5007862294918232,0.2884964558054113,-0.005274130031466484,1.0071699619293213,0.5003524720668793,0.05117908027023078,0.251437745988369,0.7500340193510056,0.9503598302602768,-0.0016190768766091888,-1.1969464155525769,-5.184071890473366,1.5507432779303403,-7.544479846954346,-3.322160005569458,-4.047145128250122,-7.254652619361877,-7.002220034599304,-3.890187442302704,-3.706063961982727,-0.37864601229214817,-1.8134074887182507,1.1277901454763486,0.535095159626877,0.0347643606364727,3.9599859714508057,1.050851285457611,0.38032010197639465,0.7330578714609146,1.4510980248451233,2.0992805480957033,0.7463351427155848,0.612517543461546,8.671534157693387,2.4562255244638216,0.9741640090942383,16.463600158691406,8.829710006713867,4.194539880752564,7.153337478637695,10.409725189208984,12.440490388870236,-0.3219900351495432,-0.03849233848679123,Zr50Cu40Al10,Zr50Cu40Al10_830.0K.cfg,C:\Users\Admin\Downloads\cfg data\mapped_cfg_and_metadata\mapped_cfg_Zr50Cu40Al10\Zr50Cu40Al10_830.0K.cfg,830.0,-7.90887412895174
4000,1.52175,0.6033464489826721,1.0,3.0,1.0,1.0,1.0,2.0,3.0,0.6985448595866109,-0.4767606568723646,0.500994219582266,0.28869516361290365,-0.0015775200445204973,1.000040054321289,0.5007064938545227,0.052232363820076,0.24821550026535988,0.7513619959354401,0.95172364115715,0.0026472557623034823,-1.2049902185721038,0.5007790523160002,0.2887256222854899,-0.00015529600204899907,0.9998059868812561,0.4986400008201599,0.05201709084212781,0.2516307532787323,0.7501614838838577,0.9517689436674117,0.0021051946414554477,-1.199570858380124,0.5000151109945072,0.2883042141310798,-0.0011042499681934714,1.0000900030136108,0.500763475894928,0.049856468290090564,0.2500007599592209,0.749509260058403,0.9496908336877823,-0.004405072787177328,-1.1992253507307822,-5.180707575440406,1.5475395562532708,-7.63755989074707,-3.2377700805664062,-4.050925016403198,-7.2520068168640135,-6.990602612495422,-3.8839725255966187,-3.698035562038422,-0.3788901837048947,-1.8108806854107775,1.1567838515294715,0.5647535166146306,0.03833813592791557,4.19903564453125,1.0806255340576172,0.38793187141418456,0.7360080778598785,1.4747962653636932,2.222496390342711,0.8811312919907955,1.138567276561056,8.66084452226758,2.4444914297408533,0.8908640146255493,16.0718994140625,8.824385166168213,4.141788578033447,7.1370075941085815,10.385900020599365,12.393564796447752,-0.3171392304935996,-0.08103207639034027,Zr50Cu40Al10,Zr50Cu40Al10_831.0K.cfg,C:\Users\Admin\Downloads\cfg data\mapped_cfg_and_metadata\mapped_cfg_Zr50Cu40Al10\Zr50Cu40Al10_831.0K.cfg,831.0,-7.951858042983913
4000,1.52175,0.6033464489826721,1.0,3.0,1.0,1.0,1.0,2.0,3.0,0.6985448595866109,-0.4767606568723646,0.4982070825657706,0.2887042806203153,-0.0007316350238397717,1.003290057182312,0.498370498418808,0.05016861855983734,0.2465907484292984,0.7480592578649521,0.950514554977417,0.0033088193007129417,-1.2039511921771904,0.49949748001005717,0.2882880480655286,-0.004581780172884464,1.0038399696350098,0.4963349997997284,0.05112754944711924,0.25110824406147003,0.74728624522686,0.9476767271757125,0.006040343043761145,-1.1971861294776625,0.4993043763948035,0.288311696665994,-0.0012513899710029364,1.0106500387191772,0.5000720024108887,0.04897007476538421,0.25071875751018524,0.7475217431783676,0.9511848628520965,-0.0025674987433293773,-1.1968262850897622,-5.175545085191727,1.5474080735335363,-7.568610191345215,-3.331820011138916,-4.050860166549683,-7.239384889602661,-6.988709807395935,-3.8792500495910645,-3.6942814946174627,-0.37824311829549107,-1.8120803892807424,1.1649504827875643,0.5561726279942734,0.0816488191485405,4.5015549659729,1.0949618220329285,0.39303205609321595,0.7596295773983002,1.4918910562992096,2.177966248989105,0.8493437738549693,1.3594077573817547,8.694215441644191,2.38356759908414,1.0238900184631348,16.180099487304688,8.830229759216309,4.310476779937744,7.2324148416519165,10.373225212097168,12.258569860458369,-0.3281113830612433,0.004849490045596649,Zr50Cu40Al10,Zr50Cu40Al10_845.0K.cfg,C:\Users\Admin\Downloads\cfg data\mapped_cfg_and_metadata\mapped_cfg_Zr50Cu40Al10\Zr50Cu40Al10_845.0K.cfg,845.0,-8.520912114695768
4000,1.52175,0.6033464489826721,1.0,3.0,1.0,1.0,1.0,2.0,3.0,0.6985448595866112,-0.4767606568723646,0.4994074946631226,0.2887405768815997,-0.0013248500181362033,1.003059983253479,0.4996050000190735,0.051953754015266904,0.2477022483944893,0.748916506767273,0.9512740105390549,0.003634071195218925,-1.2025176743573491,0.49847463930469893,0.28868747722588833,-0.0020735999569296837,1.0028400421142578,0.4973914921283722,0.04860718976706267,0.24899549409747124,0.748248741030693,0.9489349246025085,0.00426371632271593,-1.1981286255150367,0.5000483601380765,0.2880064811806568,-0.0013993099564686418,1.0029900074005127,0.49956899881362915,0.05026040114462376,0.2516842484474182,0.7472184896469116,0.9485760182142258,-0.0031212959284382326,-1.1964805023254017,-5.181230410158634,1.550526119828179,-7.535029888153076,-3.327939987182617,-4.040369987487793,-7.247001194953919,-6.996384859085083,-3.882837414741516,-3.697018575668335,-0.37913018228591017,-1.8129872992389566,1.1295333074675873,0.5290302884360735,0.026622314006090164,3.9729726314544678,1.0654447078704834,0.3980649635195732,0.7391183972358704,1.433538168668747,2.0946911215782156,0.8147201522720695,0.9869242711801416,8.675403669565917,2.4090140066905166,1.0335500240325928,16.436899185180664,8.779865264892578,4.339882063865661,7.160577654838562,10.331249952316284,12.434094762802122,-0.22263526305695172,-0.029903219221034227,Zr50Cu40Al10,Zr50Cu40Al10_862.0K.cfg,C:\Users\Admin\Downloads\cfg data\mapped_cfg_and_metadata\mapped_cfg_Zr50Cu40Al10\Zr50Cu40Al10_862.0K.cfg,862.0,-9.130056966946068
4000,1.52175,0.6033464489826721,1.0,3.0,1.0,1.0,1.0,2.0,3.0,0.698544859586611,-0.4767606568723637,0.4990122693816993,0.2887713459031081,-0.001614039996638894,1.0057300329208374,0.4986080080270767,0.050591514073312284,0.24848299846053123,0.7485244870185852,0.949697372317314,0.005782245459827478,-1.202695060611357,0.4995186601780156,0.2886892297048517,-0.004586829803884029,1.005429983139038,0.4978170096874237,0.05145544521510602,0.24988199397921562,0.7483217418193817,0.9485780924558639,0.0047146275218623475,-1.1978163305384937,0.49953788980358516,0.2883415434004662,-0.0035746400244534016,1.003000020980835,0.4995739907026291,0.04958648532629013,0.24993474408984184,0.7473742663860321,0.9504021763801574,-0.0009645753216724074,-1.1993564953602311,-5.1749571858048435,1.5467965446080731,-7.581399917602539,-3.2810800075531006,-4.044639825820923,-7.239313292503357,-6.98238480091095,-3.8833425045013428,-3.691535091400147,-0.3774320767340703,-1.811619230271238,1.1813304318375886,0.5764920924557383,0.048966437578201294,3.7988405227661133,1.0995729565620422,0.3920743271708489,0.755653515458107,1.5364048779010773,2.2649798631668085,0.7898874269175673,0.6643636392720915,8.685520251721144,2.3588528413508687,1.1004899740219116,16.752399444580078,8.831415176391602,4.395313000679017,7.220365047454834,10.277125120162964,12.318184709548948,-0.2804762933452999,0.05661969698085034,Zr50Cu40Al10,Zr50Cu40Al10_867.0K.cfg,C:\Users\Admin\Downloads\cfg data\mapped_cfg_and_metadata\mapped_cfg_Zr50Cu40Al10\Zr50Cu40Al10_867.0K.cfg,867.0,-9.291860968578062
4000,1.52175,0.6033464489826721,1.0,3.0,1.0,1.0,1.0,2.0,3.0,0.6985448595866109,-0.4767606568723646,0.4999479553307283,0.28887353390035064,-0.00235942006111145,1.0096700191497803,0.5005800127983093,0.05180410444736481,0.24924550205469131,0.749623492360115,0.9506765216588974,0.003487217027685434,-1.204006953589991,0.500822037680202,0.28880722377637363,-0.007176550105214119,1.0072599649429321,0.500416487455368,0.051767791248857976,0.24957674741744995,0.7516812384128571,0.949844953417778,0.0004966341341684384,-1.200947629646465,0.5012912161762306,0.2881161715543203,-0.003464220091700554,1.0072200298309326,0.4997140020132065,0.05213194992393255,0.25336501002311707,0.7494932264089584,0.952294772863388,-0.0018571403030851624,-1.1930124170876721,-5.172890101015568,1.5480197005681733,-7.60483980178833,-3.334480047225952,-4.041394948959351,-7.246126365661621,-6.983660101890564,-3.8769325613975525,-3.6934720277786255,-0.37925712077647794,-1.8105539674461348,1.1942660147761925,0.5766479491385025,0.058310072869062424,3.9630539417266846,1.1282814145088196,0.3944125592708588,0.7590267062187195,1.5270736813545227,2.2497620940208427,0.8236211308293521,0.9629943529827178,8.736689448639751,2.424887463230642,0.8867290019989014,16.033700942993164,8.865489959716797,4.390651202201844,7.207342505455017,10.448949813842773,12.359629821777343,-0.28579948548163353,-0.05121384310329713,Zr50Cu40Al10,Zr50Cu40Al10_879.0K.cfg,C:\Users\Admin\Downloads\cfg data\mapped_cfg_and_metadata\mapped_cfg_Zr50Cu40Al10\Zr50Cu40Al10_879.0K.cfg,879.0,-9.645735
4000,1.52175,0.6033464489826721,1.0,3.0,1.0,1.0,1.0,2.0,3.0,0.6985448595866109,-0.4767606568723646,0.49925412285931814,0.28884374669086704,8.05000017862767e-05,1.0005700588226318,0.4997415095567703,0.04952306058257818,0.24611075595021248,0.7510402649641037,0.9489138275384902,-0.00012380087807417077,-1.205457181939461,0.501367148314559,0.2890455520287968,0.0005823569954372942,1.0000799894332886,0.5010190010070801,0.051237678714096554,0.25217900425195694,0.7510710209608078,0.9501210749149323,0.0007434804063480374,-1.2026038607804823,0.49879127006638374,0.28800089003677726,0.00015722900570835918,0.9999790191650391,0.497687503695488,0.04970855936408044,0.2509390041232109,0.746640995144844,0.9477884799242019,-0.004454708590534597,-1.194715520028424,-5.1717079211473465,1.544930411643441,-7.569779872894287,-3.338020086288452,-4.044719934463501,-7.21894679069519,-6.98744261264801,-3.875485062599182,-3.692734980583191,-0.37747881681728174,-1.8148783256950087,1.1692437309855594,0.5555870780882647,0.06126467511057854,3.7510221004486084,1.1048468351364136,0.3899700328707695,0.759113073348999,1.485827624797821,2.1760049462318416,0.7718922196426388,0.7490894123310752,8.71057668596506,2.427218224145069,1.147979974746704,17.402099609375,8.865604877471924,4.440062451362611,7.130107522010803,10.376974821090698,12.503614854812621,-0.22346141357419372,-0.020655292126007918,Zr50Cu40Al10,Zr50Cu40Al10_898.0K.cfg,C:\Users\Admin\Downloads\cfg data\mapped_cfg_and_metadata\mapped_cfg_Zr50Cu40Al10\Zr50Cu40Al10_898.0K.cfg,898.0,-10.098986938386124
4000,1.52175,0.6033464489826721,1.0,3.0,1.0,1.0,1.0,2.0,3.0,0.6985448595866112,-0.4767606568723646,0.4989844945705008,0.2888385985733214,-0.005236329976469278,1.0081299543380737,0.49911749362945557,0.05059402585029602,0.2468934990465641,0.7488947510719299,0.9504902899265287,0.0033593617841050855,-1.2024981805589172,0.5020971617773393,0.28903142416849026,-0.002762129995971918,1.0078799724578857,0.5022020041942596,0.051581289246678354,0.2524867579340935,0.7531002461910248,0.9521837443113327,0.00025378132585162,-1.1992955363916433,0.5007718408111895,0.2880285030336698,-0.004372309893369675,1.0077699422836304,0.5017500221729279,0.051953645795583724,0.25391900539398193,0.7491795122623444,0.949888715147972,-0.005544882569579591,-1.193240905300843,-5.169109034419059,1.5420293040621882,-7.520050048828125,-3.2509899139404297,-4.043534994125366,-7.222353577613831,-6.974669933319092,-3.878957450389862,-3.692748999595642,-0.3788065166231143,-1.809674677956086,1.1824773437334224,0.5739067716060079,0.04762570187449455,4.413680553436279,1.1112765073776245,0.39691300988197326,0.7633640915155411,1.5092397332191467,2.2156355023384084,0.896940146122148,1.3317057429793682,8.790775474756956,2.450131546637593,1.2101099491119385,17.672500610351562,8.971590042114258,4.322976684570312,7.225277423858643,10.517375230789185,12.49187488555908,-0.32318485563493876,-0.04179228082338504,Zr50Cu40Al10,Zr50Cu40Al10_906.0K.cfg,C:\Users\Admin\Downloads\cfg data\mapped_cfg_and_metadata\mapped_cfg_Zr50Cu40Al10\Zr50Cu40Al10_906.0K.cfg,906.0,-10.249624017531964
4000,1.52175,0.6033464489826721,1.0,3.0,1.0,1.0,1.0,2.0,3.0,0.6985448595866109,-0.4767606568723646,0.49870620976469215,0.28866074300467226,-0.0024873099755495787,1.0006300210952759,0.49896200001239777,0.049101780913770196,0.24709425121545792,0.7477099895477295,0.9499831080436706,0.0026153472499315096,-1.2031502426362772,0.4993555465077334,0.28901763332528463,-0.0030533699318766594,1.00232994556427,0.4980039894580841,0.0491492010653019,0.2484700009226799,0.7491154819726944,0.9489100724458694,0.0033509836163933457,-1.2013136100089823,0.4989955933409765,0.2883146604916171,-0.0015773799968883395,1.0024800300598145,0.49859949946403503,0.049203273281455046,0.250550240278244,0.7474224865436554,0.9474877953529358,-0.0018531953498305475,-1.1956190928035828,-5.1660009396076205,1.5459977457327303,-7.559189796447754,-3.231339931488037,-4.037804841995239,-7.232924127578736,-6.97081732749939,-3.8770699501037598,-3.6776344656944273,-0.3772714367302713,-1.8113080237028296,1.199748729932122,0.5696731954957771,0.03876763954758644,4.186863899230957,1.1230726838111877,0.4206606701016426,0.792045071721077,1.523517519235611,2.2566298484802245,0.8660786219142449,1.1332871026667117,8.798700337082147,2.4383040350812446,0.9404339790344238,17.243499755859375,8.947405338287354,4.428336668014526,7.287145018577576,10.515300273895264,12.51112470626831,-0.29231020383926076,0.06237184657710371,Zr50Cu40Al10,Zr50Cu40Al10_912.0K.cfg,C:\Users\Admin\Downloads\cfg data\mapped_cfg_and_metadata\mapped_cfg_Zr50Cu40Al10\Zr50Cu40Al10_912.0K.cfg,912.0,-10.348061984676033
4000,1.52175,0.6033464489826721,1.0,3.0,1.0,1.0,1.0,2.0,3.0,0.6985448595866109,-0.4767606568723646,0.49822642998148514,0.28843986262381194,-1.0251300409436226e-05,1.0004500150680542,0.49821099638938904,0.04833315629512073,0.24680950120091438,0.7465520203113556,0.948491370677948,0.0012580708294549449,-1.2018835578022284,0.5011283197937155,0.2889186149296123,0.0009000789723359048,0.9999499917030334,0.49937550723552704,0.05211651474237443,0.25179925560951233,0.7502122670412064,0.9535041004419327,0.0034661669519318056,-1.2026631996539405,0.5002510723360174,0.2881637018928444,0.0007867210078984499,0.9996169805526733,0.5006994903087616,0.05205832440406086,0.25161775946617126,0.749665766954422,0.9492642223834992,-0.00437913553073723,-1.1970886720195182,-5.160645758569241,1.5460499380511583,-7.489890098571777,-3.226870059967041,-4.0351197719573975,-7.2091147899627686,-6.976942658424377,-3.87128746509552,-3.6780110478401187,-0.3765921743957574,-1.813625017896964,1.2227550575295463,0.5892052183957918,0.039932917803525925,4.363589286804199,1.1418904066085815,0.4034734055399895,0.7870866358280182,1.5798345506191254,2.2864277124404904,0.7766515544203123,0.7508829246506896,8.845192772984504,2.3831374019024802,1.5367399454116821,16.9414005279541,8.98553991317749,4.483485984802246,7.311704993247986,10.54467511177063,12.496550130844113,-0.2909238704572638,-0.01292088798870017,Zr50Cu40Al10,Zr50Cu40Al10_929.0K.cfg,C:\Users\Admin\Downloads\cfg data\mapped_cfg_and_metadata\mapped_cfg_Zr50Cu40Al10\Zr50Cu40Al10_929.0K.cfg,929.0,-10.56922
4000,1.52175,0.6033464489826721,1.0,3.0,1.0,1.0,1.0,2.0,3.0,0.6985448595866108,-0.4767606568723646,0.49848795947498004,0.2886619978402007,-0.0008180590230040252,1.000249981880188,0.5002549886703491,0.04907601028680802,0.24705025553703308,0.74880450963974,0.9489342927932739,0.0012151585798037326,-1.202922427738333,0.5008482505291723,0.28909327549481006,-0.0001946660049725324,1.0014100074768066,0.4981694966554642,0.04961237981915474,0.25092224031686783,0.7508579790592194,0.9534652113914489,0.002510403707933102,-1.200511768202091,0.4989704305219675,0.28819932114269853,0.00024367299920413643,1.0014300346374512,0.49961650371551514,0.04948126040399075,0.2505110055208206,0.7488254904747009,0.9474486887454986,-0.002253590732336294,-1.1962503051561133,-5.166371939480305,1.5478322399217752,-7.556660175323486,-3.278130054473877,-4.036149978637695,-7.2302021980285645,-6.976504921913147,-3.8770374059677124,-3.6713671088218693,-0.3768263810060852,-1.81197893733285,1.1910886535476892,0.5704124679047822,0.06160096079111099,3.8276515007019043,1.112568736076355,0.38987880647182466,0.7727712094783783,1.5367343723773956,2.224921655654907,0.7796655692385513,0.8317673755929613,8.82415647599101,2.3983983909370314,1.0825999975204468,16.283199310302734,8.937924861907959,4.6534223556518555,7.248042464256287,10.472424983978271,12.563114738464355,-0.2572417570568263,0.028839093295373264,Zr50Cu40Al10,Zr50Cu40Al10_944.0K.cfg,C:\Users\Admin\Downloads\cfg data\mapped_cfg_and_metadata\mapped_cfg_Zr50Cu40Al10\Zr50Cu40Al10_944.0K.cfg,944.0,-10.71151
4000,1.52175,0.6033464489826721,1.0,3.0,1.0,1.0,1.0,2.0,3.0,0.6985448595866109,-0.4767606568723646,0.49841473541683806,0.28843890957535095,-0.00457130977883935,1.0023000240325928,0.49880801141262054,0.0495241092517972,0.2470032535493374,0.7474342584609985,0.9490401029586791,0.003155691655384278,-1.2014573783509965,0.49881858416316666,0.28855859349920604,-0.005662859883159399,1.0041699409484863,0.49721500277519226,0.04708248432725668,0.24995499849319458,0.7476367354393005,0.949592450261116,7.294108781455053e-05,-1.1974006356808562,0.5009836410657735,0.2886557474249433,-0.003621229901909828,1.0047399997711182,0.5010544955730438,0.05009377021342516,0.2515137493610382,0.7512342482805252,0.9496503651142119,-0.007028473631052884,-1.1980681465641327,-5.156057817578316,1.541594141734787,-7.562620162963867,-3.165879964828491,-4.03276515007019,-7.211875677108765,-6.956777453422546,-3.8675200939178467,-3.6675300717353823,-0.377076841648198,-1.811422133492033,1.231366435696371,0.5984066868256059,0.06227705255150795,4.036370277404785,1.1493713855743408,0.4090770661830902,0.7885240018367767,1.5768304467201233,2.3595815181732176,0.8252461512846337,0.8519686409300653,8.91169916370511,2.354312569271811,1.4215699434280396,15.8858003616333,9.021389961242676,4.729201316833496,7.415570020675659,10.538924932479858,12.590754890441893,-0.2601624922485405,-0.05944003842679768,Zr50Cu40Al10,Zr50Cu40Al10_953.0K.cfg,C:\Users\Admin\Downloads\cfg data\mapped_cfg_and_metadata\mapped_cfg_Zr50Cu40Al10\Zr50Cu40Al10_953.0K.cfg,953.0,-10.781074978130045
4000,1.52175,0.6033464489826721,1.0,3.0,1.0,1.0,1.0,2.0,3.0,0.6985448595866109,-0.4767606568723646,0.49820970885232235,0.2886141886176153,-0.0014975699596107006,1.0025299787521362,0.5000434815883636,0.049021658487617976,0.2487414963543415,0.7468064874410629,0.9494652658700942,0.0021411754534079166,-1.2033699441847798,0.4993376717076464,0.28897170382937487,-0.002250750083476305,1.0019899606704712,0.49949149787425995,0.04863141570240259,0.2502890005707741,0.7495037466287613,0.9501491993665694,0.0003630363210224459,-1.2000007078447927,0.49999059062762646,0.28846863427045677,-0.004348000045865774,1.0014599561691284,0.4991859942674637,0.05028360467404128,0.2510329857468605,0.7500262707471848,0.9484448522329331,-0.006045120964344253,-1.1964160130035746,-5.161333217918873,1.540212638433142,-7.523049831390381,-3.3251099586486816,-4.033645153045654,-7.213359332084655,-6.9686973094940186,-3.8757574558258057,-3.682000434398651,-0.37891543751529827,-1.8108824059807533,1.1919386297967285,0.5697460286244077,0.02532114088535309,3.869628429412842,1.1146262288093567,0.41055237352848056,0.7860927134752274,1.5126652121543884,2.248059725761413,0.8857961582355364,1.2519015959297466,8.887880552470683,2.3388330484736732,1.2749300003051758,16.443099975585938,8.991344928741455,4.8741353273391725,7.396490097045898,10.481974601745605,12.615109920501709,-0.23440335322722722,0.057692839171215926,Zr50Cu40Al10,Zr50Cu40Al10_964.0K.cfg,C:\Users\Admin\Downloads\cfg data\mapped_cfg_and_metadata\mapped_cfg_Zr50Cu40Al10\Zr50Cu40Al10_964.0K.cfg,964.0,-10.85508
4000,1.52175,0.6033464489826721,1.0,3.0,1.0,1.0,1.0,2.0,3.0,0.6985448595866112,-0.4767606568723637,0.49920239222711826,0.2885785261024501,0.00016308799968101084,0.9996209740638733,0.49958600103855133,0.04998053964227439,0.2463567517697811,0.74846351146698,0.9488467216491698,-0.0009563822834545465,-1.200061246895378,0.501370448246902,0.28880253920165355,0.00012024500028928742,1.000040054321289,0.5009620189666748,0.051562211103737356,0.25161249935626984,0.7518332600593567,0.9511594176292417,-0.0007635890961087039,-1.1986928980548357,0.5002288450717497,0.28839347343352334,0.00024286100233439356,1.0000900030136108,0.50102299451828,0.050106989219784744,0.2530699893832207,0.7503212690353394,0.9499803692102432,-0.00631597006672881,-1.1959142105718992,-5.154820468187332,1.5434444235315519,-7.490950107574463,-3.1566898822784424,-4.030049800872803,-7.217408537864685,-6.959680080413818,-3.864767551422119,-3.6654245615005494,-0.37670225424787773,-1.8121806448165967,1.2213983405735345,0.5834315797821559,0.07419245690107346,4.012559413909912,1.147165596485138,0.40714480727910995,0.7980149686336517,1.5589022934436798,2.2889015197753904,0.7850203547492299,0.7744703530670809,8.91659078758955,2.3795759045492804,1.4156099557876587,17.351999282836914,9.025084972381592,4.632486724853516,7.427957653999329,10.544325351715088,12.595204591751099,-0.32151402433292997,0.13552321782893362,Zr50Cu40Al10,Zr50Cu40Al10_973.0K.cfg,C:\Users\Admin\Downloads\cfg data\mapped_cfg_and_metadata\mapped_cfg_Zr50Cu40Al10\Zr50Cu40Al10_973.0K.cfg,973.0,-10.909155982648034
4000,1.52175,0.6033464489826721,1.0,3.0,1.0,1.0,1.0,2.0,3.0,0.6985448595866109,-0.4767606568723646,0.5004786279946857,0.28868035609539316,-0.004744090139865875,1.0074299573898315,0.501600980758667,0.051527231186628344,0.24808399751782417,0.7497002482414246,0.9491377413272858,-0.00526316947293474,-1.199341922251273,0.4986317426855858,0.288733127769065,-0.00643886998295784,1.0030399560928345,0.4973209947347641,0.04721287600696088,0.25021275877952576,0.748007744550705,0.9485410541296004,0.001283103105250824,-1.1976945077855001,0.5002831840452109,0.28857818761431026,-0.008379049599170685,1.0038100481033325,0.49981799721717834,0.05003829430788755,0.2512427493929863,0.7499240040779114,0.9511524260044097,-0.0023232495890875373,-1.1985496989391289,-5.151556179821491,1.5423866101259145,-7.619790077209473,-3.219510078430176,-4.031359910964966,-7.2124104499816895,-6.957655072212219,-3.8600449562072754,-3.667932903766632,-0.3782030273807757,-1.808764443057706,1.241524080656469,0.5938608811540861,0.03373858332633972,4.274078369140625,1.1547435522079468,0.43216019421815877,0.7989104390144348,1.6034829020500183,2.3375245332717887,0.7610039127791968,0.6326614577681062,8.929781058758497,2.375738080830176,1.3338899612426758,16.835599899291992,9.0986647605896,4.64299213886261,7.45376992225647,10.610725402832031,12.539319849014282,-0.35472697871509923,0.13916897786726423,Zr50Cu40Al10,Zr50Cu40Al10_978.0K.cfg,C:\Users\Admin\Downloads\cfg data\mapped_cfg_and_metadata\mapped_cfg_Zr50Cu40Al10\Zr50Cu40Al10_978.0K.cfg,978.0,-10.937266983386031
4000,1.899,0.9095597836316205,1.0,5.0,2.0,1.0,1.0,2.0,4.0,1.3963226013465873,2.1009983630262834,0.4971771163793219,0.2882759881812641,-0.004208949860185385,1.0065699815750122,0.4966740012168884,0.046948278695344924,0.2489047460258007,0.746560737490654,0.9493286937475205,0.0060362462542122765,-1.194420668327774,0.5022433975677996,0.2887038462246641,-0.006655919831246138,1.0060700178146362,0.5010964870452881,0.05166541915386916,0.25262825936079025,0.7511684894561768,0.9528429836034774,-0.0074513236028357945,-1.1968659784111169,0.5004235731038061,0.2886002752883613,-0.011581099592149258,1.0045599937438965,0.5022220015525818,0.05054931826889515,0.249549999833107,0.7491452544927597,0.9501222848892211,-0.00032114838904008123,-1.196035799768721,-5.589624789059162,1.3670925149552413,-7.332920074462891,-3.2479100227355957,-6.581399917602539,-7.069776821136474,-6.873454809188843,-4.109665155410767,-3.8819324016571044,0.15941047650836312,-1.8824585476488207,0.9773869159230962,0.463871370914131,0.02624141424894333,3.643972396850586,0.9132759273052216,0.3347098171710968,0.6474285125732422,1.2488403618335724,1.8466339707374568,0.850102197173478,1.1354469437514245,9.160948247164487,2.4932239412474635,0.9901930093765259,16.72319984436035,9.295714855194092,4.7440927743911745,7.597897410392761,10.863399982452393,13.01309967041015,-0.29422347109279917,0.14196554656770477,Zr52.5Cu17.9Al10Ni14.6Ti5,Zr52p5Cu17p9Al10Ni14p6Ti5_608.0K.cfg,C:\Users\Admin\Downloads\cfg data\mapped_cfg_and_metadata\mapped_cfg_Zr52.5Cu17.9Al10Ni14.6Ti5\Zr52p5Cu17p9Al10Ni14p6Ti5_608.0K.cfg,608.0,13.129129221081556
4000,1.899,0.9095597836316205,1.0,5.0,2.0,1.0,1.0,2.0,4.0,1.3963226013465868,2.1009983630262834,0.49822082374320237,0.28834300844101857,-0.0025976700708270073,1.007159948348999,0.49901150166988373,0.048520404286682604,0.2493099942803383,0.7468677312135696,0.9497394740581513,0.003097534765485713,-1.1955653282807157,0.5012143894105393,0.2887712549969263,-0.005919009912759066,1.0057200193405151,0.5004720091819763,0.05228585936129093,0.2507910132408142,0.7501560002565384,0.9503728628158566,-0.004177394272110025,-1.1965450639829118,0.4999580915429688,0.2883057153265876,-0.010371100157499313,1.003980040550232,0.502170979976654,0.049344866350293164,0.24922775104641914,0.749443992972374,0.9486601769924163,0.0008161491316977487,-1.1961768242801625,-5.587223074316978,1.3616950035810809,-7.326940059661865,-3.4897799491882324,-6.5843000411987305,-7.058885836601258,-6.868060111999512,-4.112737655639648,-3.884855580329895,0.15898762013399306,-1.88398079872572,0.9879792311871425,0.47032358130813584,0.039622098207473755,3.2995119094848633,0.9249829053878784,0.3387719839811325,0.648154690861702,1.2516910433769226,1.8852311015129088,0.8057748093025157,0.8347493081649153,9.095835108041763,2.461118558274441,0.9673399925231934,17.54319953918457,9.272070407867432,4.698551774024963,7.531607508659363,10.772199630737305,12.9182053565979,-0.27443253446486876,0.059548005182207486,Zr52.5Cu17.9Al10Ni14.6Ti5,Zr52p5Cu17p9Al10Ni14p6Ti5_614.0K.cfg,C:\Users\Admin\Downloads\cfg data\mapped_cfg_and_metadata\mapped_cfg_Zr52.5Cu17.9Al10Ni14.6Ti5\Zr52p5Cu17p9Al10Ni14p6Ti5_614.0K.cfg,614.0,11.825467641464709
4000,1.899,0.9095597836316205,1.0,5.0,2.0,1.0,1.0,2.0,4.0,1.3963226013465868,2.1009983630262825,0.4987260657039242,0.2884859202626898,-0.005365400109440088,1.0062799453735352,0.49869948625564575,0.04761175625026226,0.2501699924468994,0.7487077414989471,0.9515816509723664,0.004360211245212366,-1.1964107648525113,0.5009898110122849,0.28856608828605407,-0.0037462899927049875,1.0074800252914429,0.501565009355545,0.0506680591031909,0.25085175782442093,0.7502045184373856,0.9511427044868468,-0.0038308109746058136,-1.1975662912982281,0.5002257618272415,0.2883530733764527,-0.008015920408070087,1.0035899877548218,0.5021879971027374,0.05028940569609404,0.250498503446579,0.7505774796009064,0.9500173777341843,-0.0006839708211580006,-1.1947162667254319,-5.586218759357929,1.3631736487326664,-7.423009872436523,-3.3886001110076904,-6.578920125961304,-7.067273736000061,-6.863267302513123,-4.1110676527023315,-3.8879409432411194,0.15838751496494297,-1.8848790985268324,0.9894401155225933,0.47105714192252696,0.05727053061127663,3.2145302295684814,0.9344595670700073,0.3385113373398781,0.6375017166137695,1.2636582553386688,1.8506804287433622,0.7746904275680163,0.7182165856374487,9.111385589838028,2.49538391214674,0.8007199764251709,17.848600387573242,9.276020050048828,4.647244310379028,7.499327659606934,10.863049745559692,12.92166018486023,-0.3052247681963031,0.10219573990513897,Zr52.5Cu17.9Al10Ni14.6Ti5,Zr52p5Cu17p9Al10Ni14p6Ti5_631.0K.cfg,C:\Users\Admin\Downloads\cfg data\mapped_cfg_and_metadata\mapped_cfg_Zr52.5Cu17.9Al10Ni14.6Ti5\Zr52p5Cu17p9Al10Ni14p6Ti5_631.0K.cfg,631.0,8.59429145931709
4000,1.899,0.9095597836316205,1.0,5.0,2.0,1.0,1.0,2.0,4.0,1.3963226013465873,2.1009983630262834,0.49848452985908986,0.28863843475344614,-0.003064650110900402,1.0063600540161133,0.4979950040578842,0.04828519579023123,0.250100240111351,0.7488169968128204,0.9503789365291594,0.0036676509591967066,-1.1977551577591552,0.5025031134222554,0.28864870127837217,-0.0024224799126386642,1.005679965019226,0.5025179982185364,0.05246977563947439,0.25207625329494476,0.7509767711162567,0.953051021695137,-0.0035953751390087026,-1.197074868006242,0.4994755568015971,0.2884120957304586,-0.006164010148495436,1.0089800357818604,0.5010505020618439,0.04962520506232977,0.24887825548648834,0.7487594783306122,0.9487721383571625,-0.002066464105636274,-1.1974232561949245,-5.585675846576691,1.3617780330867937,-7.367710113525391,-3.447429895401001,-6.575484991073608,-7.061291217803955,-6.861247301101685,-4.113517642021179,-3.876761519908905,0.16029203378799448,-1.8811863111471208,0.9982926382534206,0.4707667395063904,0.09064009040594101,4.017245769500732,0.938701868057251,0.3475004106760025,0.6502662152051926,1.2741346657276154,1.868595516681671,0.8492405672687594,1.4250443603419525,9.124596435517073,2.4305754928052057,1.0758600234985352,17.432899475097656,9.237509727478027,4.7570977210998535,7.656447529792786,10.768399953842163,12.910770368576047,-0.2957505698636272,0.19696252043945472,Zr52.5Cu17.9Al10Ni14.6Ti5,Zr52p5Cu17p9Al10Ni14p6Ti5_652.0K.cfg,C:\Users\Admin\Downloads\cfg data\mapped_cfg_and_metadata\mapped_cfg_Zr52.5Cu17.9Al10Ni14.6Ti5\Zr52p5Cu17p9Al10Ni14p6Ti5_652.0K.cfg,652.0,5.107508850582301
4000,1.899,0.9095597836316205,1.0,5.0,2.0,1.0,1.0,2.0,4.0,1.3963226013465868,2.1009983630262834,0.49748191420811055,0.28861609901984636,-0.002630230039358139,1.001520037651062,0.49730999767780304,0.04852681010961533,0.2491682469844818,0.7469870150089264,0.950942125916481,0.004036980818612619,-1.1990799478531644,0.5007307782389102,0.2885743085406518,-0.0037672899197787046,1.0016100406646729,0.4992985129356384,0.051991539075970664,0.2519325092434883,0.7508542537689209,0.9519201308488846,-0.001458586205934482,-1.1967287855303101,0.49996555833540335,0.2883685046121545,-0.0042698499746620655,1.0020400285720825,0.5017794966697693,0.049385251291096215,0.24898100644350052,0.749090239405632,0.9490920037031174,-0.0014536620532977422,-1.1971073843503472,-5.583141406595707,1.3617823996117806,-7.361559867858887,-3.479609966278076,-6.56582498550415,-7.057430291175843,-6.8612974882125854,-4.107764959335327,-3.8776050090789798,0.15828656774816643,-1.8838429503303702,1.0118991627544165,0.47958530234418995,0.028587020933628082,4.163201332092285,0.9488467872142792,0.3527230441570282,0.6524185538291931,1.301129162311554,1.8683834016323086,0.8304414286092721,1.3490213364446442,9.131530851259827,2.472816839595303,0.4800660014152527,17.131399154663086,9.29636526107788,4.678852772712707,7.579750061035156,10.818824768066406,13.000869846343992,-0.29519281797503377,0.0825066336568443,Zr52.5Cu17.9Al10Ni14.6Ti5,Zr52p5Cu17p9Al10Ni14p6Ti5_658.0K.cfg,C:\Users\Admin\Downloads\cfg data\mapped_cfg_and_metadata\mapped_cfg_Zr52.5Cu17.9Al10Ni14.6Ti5\Zr52p5Cu17p9Al10Ni14p6Ti5_658.0K.cfg,658.0,4.235799141341715
4000,1.899,0.9095597836316205,1.0,5.0,2.0,1.0,1.0,2.0,4.0,1.3963226013465873,2.1009983630262834,0.49846384603515614,0.28840505005583056,-0.006282399874180555,1.0032000541687012,0.4988720118999481,0.04916792567819357,0.2504017576575279,0.7477902621030807,0.9506576389074325,0.002807493986595342,-1.197137102966774,0.5014943601472587,0.28857925614506175,-0.003663080045953393,1.0054399967193604,0.5004004836082458,0.051607345789670946,0.25214600563049316,0.7499557435512543,0.951509928703308,-0.0021395471100951694,-1.1970498977632236,0.4989327683912079,0.28848238305606577,-0.0039020399563014507,1.0059900283813477,0.5011245012283325,0.04992471542209387,0.24677500128746033,0.7478915154933929,0.947953462600708,0.0001701263466190974,-1.1964629484065006,-5.5807842053771015,1.3634650378730755,-7.350910186767578,-3.3332700729370117,-6.574524879455566,-7.0503716468811035,-6.86542272567749,-4.1109700202941895,-3.8728304266929627,0.16031914241170908,-1.883307374414438,1.0220085753565653,0.4756845211610386,0.047460537403821945,3.662353992462158,0.9673013091087341,0.33956358730793,0.672558456659317,1.3011358976364136,1.920730304718017,0.7508504770023094,0.8370223793964278,9.194622795552016,2.5007332621056886,1.4848599433898926,16.964599609375,9.313085079193115,4.719063544273377,7.651712417602539,10.908024787902832,13.049340057373046,-0.26807221322890545,0.08158743610736297,Zr52.5Cu17.9Al10Ni14.6Ti5,Zr52p5Cu17p9Al10Ni14p6Ti5_666.0K.cfg,C:\Users\Admin\Downloads\cfg data\mapped_cfg_and_metadata\mapped_cfg_Zr52.5Cu17.9Al10Ni14.6Ti5\Zr52p5Cu17p9Al10Ni14p6Ti5_666.0K.cfg,666.0,3.138672607114791
4000,1.899,0.9095597836316204,1.0,5.0,2.0,1.0,1.0,2.0,4.0,1.3963226013465875,2.100998363026285,0.4984227613044932,0.28831794635214014,0.00037151400465518236,1.0009499788284302,0.49938900768756866,0.048835514858365056,0.25107550621032715,0.7476015090942383,0.9499471753835678,0.0025827786407066123,-1.1971063381842868,0.5002551608641952,0.2884365274284506,-0.0004773070104420185,1.0009599924087524,0.4986729919910431,0.05088631380349398,0.25019724667072296,0.7505934834480286,0.9509493738412856,-0.0005201156338134837,-1.196907413860967,0.49897910718219646,0.28853715815015096,-0.001016699941828847,1.002060055732727,0.5006974935531616,0.048660865612328054,0.24776600301265717,0.7485637366771698,0.9479113727807998,0.000814558263319072,-1.198072912885116,-5.575683248519898,1.3621913409949482,-7.273499965667725,-3.349250078201294,-6.563920021057129,-7.044230937957764,-6.85591733455658,-4.103367567062378,-3.870624041557312,0.15929140465304908,-1.883064625816271,1.0499426960013807,0.49616159891187667,0.05091933161020279,3.3788955211639404,0.9769153594970703,0.3625746816396713,0.6887277215719223,1.3386021852493286,1.962718641757964,0.7978442707554013,0.7596030499453748,9.180177514880896,2.441697917526176,0.9771490097045898,17.89389991760254,9.284500122070312,4.8697953701019285,7.6886725425720215,10.84060001373291,12.950169944763184,-0.2861609604879441,0.11935162903698693,Zr52.5Cu17.9Al10Ni14.6Ti5,Zr52p5Cu17p9Al10Ni14p6Ti5_678.0K.cfg,C:\Users\Admin\Downloads\cfg data\mapped_cfg_and_metadata\mapped_cfg_Zr52.5Cu17.9Al10Ni14.6Ti5\Zr52p5Cu17p9Al10Ni14p6Ti5_678.0K.cfg,678.0,1.6284371183857616
4000,1.899,0.9095597836316205,1.0,5.0,2.0,1.0,1.0,2.0,4.0,1.3963226013465873,2.1009983630262825,0.49895430843501526,0.2884816029820497,-0.002373750088736415,1.0030100345611572,0.4993415027856827,0.0488910086452961,0.250348262488842,0.7491499930620193,0.9494066685438155,0.0015321511352692962,-1.1984722892290258,0.5020034820855072,0.2885808985231857,-0.0005759409978054464,1.0022499561309814,0.5029005110263824,0.052141143940389156,0.2527354955673218,0.7524679750204086,0.9519778579473496,-0.002539604635663339,-1.1977377957739306,0.5006828445128758,0.28867248375169796,-0.004545319825410843,1.0039700269699097,0.5044330060482025,0.05061193481087686,0.2492472529411316,0.7511822283267975,0.9522402107715606,0.0024164360451099454,-1.1980084705692884,-5.579270517587662,1.3611488275168309,-7.352019786834717,-3.3790600299835205,-6.553955078125,-7.054351878166199,-6.856792569160461,-4.105537533760071,-3.875324010848999,0.15836326433544715,-1.8805490546787234,1.0321337006771938,0.4836125187481444,0.050838518887758255,3.404773712158203,0.9544926583766937,0.3724134206771851,0.6739384979009628,1.3198063373565674,1.9339455127716054,0.7423522368337861,0.45991279046468936,9.14734973937273,2.4604632828121127,1.0911400318145752,16.009000778198242,9.295089721679688,4.760372877120972,7.639147639274597,10.812574863433838,13.035019588470458,-0.32087052353210005,0.08132880924345898,Zr52.5Cu17.9Al10Ni14.6Ti5,Zr52p5Cu17p9Al10Ni14p6Ti5_680.0K.cfg,C:\Users\Admin\Downloads\cfg data\mapped_cfg_and_metadata\mapped_cfg_Zr52.5Cu17.9Al10Ni14.6Ti5\Zr52p5Cu17p9Al10Ni14p6Ti5_680.0K.cfg,680.0,1.392105
4000,1.899,0.9095597836316204,1.0,5.0,2.0,1.0,1.0,2.0,4.0,1.396322601346587,2.1009983630262843,0.49893868989936074,0.28821133118866177,3.333040149300359e-05,0.9994879961013794,0.498817503452301,0.049784264713525775,0.25174400210380554,0.7480970025062561,0.9504684776067733,0.0015464889582422028,-1.1970986075588756,0.49928102062328433,0.28850280169795556,-0.0006046619964763522,1.0003600120544434,0.4974125027656555,0.05053511653095484,0.25046325474977493,0.7486685067415237,0.9489713549613953,0.0006961784162994083,-1.1955035206459783,0.49919726667888065,0.28862394336249164,-0.00010765500337583944,1.0002599954605103,0.5014105141162872,0.04956365860998631,0.24654799699783325,0.7495675086975098,0.9501254558563232,-0.0014505477346797952,-1.1989317632599379,-5.574762832462787,1.3572704628899048,-7.384439945220947,-3.3988099098205566,-6.553419828414917,-7.044738674163819,-6.8502572774887085,-4.113377332687378,-3.876159942150116,0.15972595186918592,-1.8821962055353467,1.0443829830493778,0.49399000427411066,0.04138472303748131,3.318269729614258,0.9692504703998566,0.34017260670661925,0.6910100728273392,1.3367840349674225,1.9483923494815825,0.7351159464095269,0.5967669624302712,9.156422973573207,2.451643807690349,0.538025975227356,16.88719940185547,9.272480010986328,4.780765700340271,7.607282400131226,10.870700120925903,12.949709844589227,-0.3084631647070386,0.1614440678172273,Zr52.5Cu17.9Al10Ni14.6Ti5,Zr52p5Cu17p9Al10Ni14p6Ti5_696.0K.cfg,C:\Users\Admin\Downloads\cfg data\mapped_cfg_and_metadata\mapped_cfg_Zr52.5Cu17.9Al10Ni14.6Ti5\Zr52p5Cu17p9Al10Ni14p6Ti5_696.0K.cfg,696.0,-0.372578306863382
4000,1.899,0.9095597836316204,1.0,5.0,2.0,1.0,1.0,2.0,4.0,1.3963226013465875,2.1009983630262843,0.4992075121751477,0.2885927593624533,-0.007714550010859966,1.0092999935150146,0.49883249402046204,0.04882871564477683,0.25230851024389267,0.7494967579841614,0.9513024806976318,0.0016549892953083617,-1.1972358073225842,0.5007537363984302,0.28832635021740316,-0.00395967997610569,1.0096800327301025,0.5004345178604126,0.05194389838725329,0.2509322464466095,0.7503602504730225,0.950919422507286,0.0022290659668233945,-1.1927952182339656,0.5002188719401601,0.28874284668508365,-0.007554539944976568,1.0060499906539917,0.5026944875717163,0.04955169390887022,0.24837950244545937,0.7494315057992935,0.9496504962444305,-0.001035517531527279,-1.1998352703723778,-5.574444782435894,1.3594386570789083,-7.354159832000732,-3.434269905090332,-6.558750152587891,-7.047280812263489,-6.853167414665222,-4.107102394104004,-3.8625850915908817,0.1612025549857478,-1.880104616584467,1.0409334134999662,0.4848930808580322,0.05933859199285507,3.599928855895996,0.9860562384128571,0.3713758260011673,0.6799169629812241,1.3264192640781403,1.9409316539764396,0.7770072538240997,0.8040625957870131,9.183556229889392,2.4607340661418062,1.1989099979400635,17.48509979248047,9.31008529663086,4.8324321746826175,7.593852400779724,10.89579963684082,13.034815263748168,-0.26695514807762016,0.09887792854674249,Zr52.5Cu17.9Al10Ni14.6Ti5,Zr52p5Cu17p9Al10Ni14p6Ti5_718.0K.cfg,C:\Users\Admin\Downloads\cfg data\mapped_cfg_and_metadata\mapped_cfg_Zr52.5Cu17.9Al10Ni14.6Ti5\Zr52p5Cu17p9Al10Ni14p6Ti5_718.0K.cfg,718.0,-2.4462809138581734
4000,1.899,0.9095597836316204,1.0,5.0,2.0,1.0,1.0,2.0,4.0,1.3963226013465875,2.1009983630262843,0.4994569488126217,0.2886269736273868,0.00015415099915117025,0.9999939799308777,0.4987270087003708,0.04820518158376217,0.25059250742197037,0.7492680251598358,0.9497614920139309,0.004108014100683005,-1.1995538259003193,0.5004889896505902,0.28845144331314687,9.751579636940733e-05,0.9995869994163513,0.5011509954929352,0.0511650113388896,0.25242701172828674,0.7507109940052032,0.9502623826265334,-0.001141786638225068,-1.1948083900222104,0.49943721765611737,0.2886375657329095,0.00010300199937773868,0.9999539852142334,0.5019849836826324,0.04847432542592288,0.2475077509880066,0.7490425109863281,0.948833081126213,-0.0016572755141645757,-1.2006380751743335,-5.571883499085903,1.3588737146755205,-7.408969879150391,-3.3450698852539062,-6.555704832077026,-7.045958423614502,-6.845810174942017,-4.101364970207214,-3.8756174087524413,0.15959777710105807,-1.8817414919581779,1.0582495611868799,0.5009017309619259,0.06834784150123596,3.4096479415893555,0.9899556040763855,0.37248296439647677,0.6869601160287857,1.3568769991397858,2.013932919502258,0.7443099799616446,0.5520672295998579,9.155951274186373,2.4991416652023997,1.248669981956482,17.19379997253418,9.24494981765747,4.671618485450745,7.578462362289429,10.91569995880127,12.996275138854978,-0.2569850156715553,0.04402508215658507,Zr52.5Cu17.9Al10Ni14.6Ti5,Zr52p5Cu17p9Al10Ni14p6Ti5_723.0K.cfg,C:\Users\Admin\Downloads\cfg data\mapped_cfg_and_metadata\mapped_cfg_Zr52.5Cu17.9Al10Ni14.6Ti5\Zr52p5Cu17p9Al10Ni14p6Ti5_723.0K.cfg,723.0,-2.873934917050167
4000,1.899,0.9095597836316205,1.0,5.0,2.0,1.0,1.0,2.0,4.0,1.3963226013465873,2.1009983630262834,0.4976892479377348,0.288545474924905,0.0002955129893962294,0.9991670250892639,0.4981765002012253,0.046708945743739606,0.24946549907326698,0.7473937273025513,0.9510592460632323,0.00329218511256401,-1.199462200472345,0.5030573208338105,0.28851960185282305,-1.6231699191848747e-05,0.9998530149459839,0.502921998500824,0.05389378629624844,0.2539055049419403,0.7538764774799347,0.9537368327379226,-0.0030383936923658005,-1.1955946874752108,0.49919545147517785,0.28855597555794776,-0.00013155500346329063,1.0000499486923218,0.5018575191497803,0.0488354092463851,0.24709349870681763,0.7485982328653336,0.9490974485874175,-0.002375652541119653,-1.1984079141554822,-5.570758250713348,1.3573858107213057,-7.326119899749756,-3.462399959564209,-6.563154935836792,-7.046621322631836,-6.842027544975281,-4.108129978179932,-3.8638894796371464,0.1601958150088504,-1.8818267157335735,1.0525392411062493,0.4980085463693305,0.046185653656721115,3.379221200942993,0.9797139465808868,0.35856227427721027,0.6965399235486984,1.3335007727146149,1.9904857099056241,0.7892855561626444,0.6962905999816167,9.056442431524395,2.487873971038563,0.8234969973564148,16.699899673461914,9.147194862365723,4.5938657999038695,7.491392612457275,10.784199714660645,12.857025098800658,-0.26199753056334735,0.06268240605078024,Zr52.5Cu17.9Al10Ni14.6Ti5,Zr52p5Cu17p9Al10Ni14p6Ti5_740.0K.cfg,C:\Users\Admin\Downloads\cfg data\mapped_cfg_and_metadata\mapped_cfg_Zr52.5Cu17.9Al10Ni14.6Ti5\Zr52p5Cu17p9Al10Ni14p6Ti5_740.0K.cfg,740.0,-4.194145
4000,1.899,0.9095597836316205,1.0,5.0,2.0,1.0,1.0,2.0,4.0,1.3963226013465873,2.1009983630262834,0.4981729878736951,0.28853148800208733,-0.0009650290012359619,1.0004700422286987,0.4967164993286133,0.048681150563061236,0.2491682432591915,0.7490102350711823,0.9492713212966919,0.004453995459281884,-1.1995292023958768,0.5022734053082868,0.28837610115875695,-0.0015626000240445137,1.0024000406265259,0.5007410049438477,0.05297688320279122,0.2534932568669319,0.7521869987249374,0.9514631837606429,-0.004531760774802268,-1.1952929226232105,0.49820431299573104,0.28853802217432756,-5.513220094144344e-05,1.0016200542449951,0.5012739896774292,0.04818694442510606,0.24827450141310692,0.7474884986877441,0.9495938301086425,0.0007085939562230764,-1.1983295998088945,-5.567862185657025,1.3572492333354242,-7.442349910736084,-3.4096601009368896,-6.554455041885376,-7.036504483222961,-6.839824795722961,-4.09897243976593,-3.856928515434265,0.16087110240826877,-1.8799513158767334,1.0754420348871498,0.5030282314193584,0.050680458545684814,3.2110965251922607,1.0080942511558533,0.3707319885492325,0.7053508013486862,1.3721091747283936,2.0169399142265316,0.724446035387603,0.4917006023880295,9.206609610304236,2.482996304264306,0.9773150086402893,17.158300399780273,9.35519027709961,4.805670428276062,7.584595084190369,10.92567491531372,13.064075136184693,-0.24432912262954706,0.05570496023711646,Zr52.5Cu17.9Al10Ni14.6Ti5,Zr52p5Cu17p9Al10Ni14p6Ti5_743.0K.cfg,C:\Users\Admin\Downloads\cfg data\mapped_cfg_and_metadata\mapped_cfg_Zr52.5Cu17.9Al10Ni14.6Ti5\Zr52p5Cu17p9Al10Ni14p6Ti5_743.0K.cfg,743.0,-4.403055929608142
4000,1.899,0.9095597836316204,1.0,5.0,2.0,1.0,1.0,2.0,4.0,1.3963226013465875,2.100998363026285,0.4979729269519303,0.2888085746527284,-0.0008471600012853742,1.0013999938964844,0.49817200005054474,0.04904145374894142,0.2488032542169094,0.7480562627315521,0.9498215138912199,0.0028372867534850804,-1.2030054834082549,0.5002474955483667,0.2885253193870739,-0.0034918899182230234,1.0008699893951416,0.5001720190048218,0.04916631057858467,0.2514679953455925,0.7519067525863647,0.9476701647043227,-0.0029795017879153105,-1.1967835793937622,0.5004194625483142,0.2885172050053732,-0.00013650700566358864,1.0022300481796265,0.5028094947338104,0.050723079964518546,0.24919825047254562,0.7490975111722946,0.9502030402421952,0.0007834174657144029,-1.198907021657283,-5.565898503780365,1.3552216128073906,-7.336880207061768,-3.272510051727295,-6.5470850467681885,-7.035577630996704,-6.837649822235107,-4.093147397041321,-3.870078992843628,0.15936765573735012,-1.881617769215299,1.0758338231742381,0.504317024172289,0.07842325419187546,3.5347628593444824,1.0073676705360413,0.381700037419796,0.7023239433765411,1.3787542283535004,1.9890875756740563,0.7433654193991315,0.6964363956576931,9.192148746341466,2.421704938305199,1.5442500114440918,17.227699279785156,9.340489864349365,4.840996766090393,7.650484800338745,10.829349756240845,12.887904691696164,-0.2822567669586351,0.0948278251168424,Zr52.5Cu17.9Al10Ni14.6Ti5,Zr52p5Cu17p9Al10Ni14p6Ti5_753.0K.cfg,C:\Users\Admin\Downloads\cfg data\mapped_cfg_and_metadata\mapped_cfg_Zr52.5Cu17.9Al10Ni14.6Ti5\Zr52p5Cu17p9Al10Ni14p6Ti5_753.0K.cfg,753.0,-5.081477934984131
4000,1.899,0.9095597836316204,1.0,5.0,2.0,1.0,1.0,2.0,4.0,1.3963226013465875,2.100998363026285,0.4984680949676695,0.2887218208784474,0.0001832550042308867,1.0002000331878662,0.49952100217342377,0.04857471957802773,0.24976050481200218,0.7507040053606033,0.9508195966482161,0.0023749192227763933,-1.202943458636124,0.5007869786454289,0.2884308302632071,-0.0007232449715957046,1.0005199909210205,0.5011720061302185,0.04887263607233763,0.25232651084661484,0.7508895099163055,0.9508276075124741,-0.0035716106298394243,-1.1957062759871093,0.49969975237416564,0.2886192191523766,-0.0004534359904937446,0.9994699954986572,0.5007504820823669,0.048461594805121425,0.24832549691200256,0.7510569840669632,0.9499890387058257,0.0007422481171012313,-1.1994028999302355,-5.5632758322954174,1.357588259890333,-7.418220043182373,-3.3183600902557373,-6.542720079421997,-7.036139464378357,-6.832982540130615,-4.096102356910706,-3.8633494615554813,0.16004166156641556,-1.8786620518075556,1.0924032876370475,0.5206539197516543,0.05102510377764702,4.6408162117004395,1.023431122303009,0.36790435910224917,0.7130918800830841,1.3928803503513336,2.060328340530395,0.8777214345570974,1.4026214810346973,9.238977090507746,2.4528818998070974,1.3242100477218628,18.04210090637207,9.357470035552979,4.967784190177918,7.696149945259094,10.89894986152649,13.066724872589111,-0.23856600110610224,0.09689463988724123,Zr52.5Cu17.9Al10Ni14.6Ti5,Zr52p5Cu17p9Al10Ni14p6Ti5_759.0K.cfg,C:\Users\Admin\Downloads\cfg data\mapped_cfg_and_metadata\mapped_cfg_Zr52.5Cu17.9Al10Ni14.6Ti5\Zr52p5Cu17p9Al10Ni14p6Ti5_759.0K.cfg,759.0,-5.463544812530378
4000,1.899,0.9095597836316205,1.0,5.0,2.0,1.0,1.0,2.0,4.0,1.3963226013465868,2.1009983630262825,0.498721941286607,0.28863610051432803,-0.002445199992507696,1.0050100088119507,0.4986429959535599,0.04796375036239624,0.2509402483701706,0.7485169768333435,0.949379625916481,0.004478236833602501,-1.198984270127109,0.501015171290128,0.2882092745677983,-0.00308428006246686,1.0019199848175049,0.5007839798927307,0.0511117246001959,0.2523377388715744,0.7491095066070557,0.949218863248825,-0.002597411004898644,-1.195015860015845,0.499964766525477,0.2884393620439341,-0.003709699958562851,1.0035899877548218,0.502192497253418,0.04987442921847105,0.2496749944984913,0.7492570132017136,0.9494466453790664,0.000782063338626618,-1.1987230097947548,-5.558112474441528,1.352050480891576,-7.415040016174316,-3.4301400184631348,-6.521500110626221,-7.028175592422485,-6.829312443733215,-4.097959995269775,-3.855824959278107,0.15806356721365372,-1.8804417060606706,1.1144104301333428,0.5390116683546441,0.04873374104499817,3.3852572441101074,1.0391940474510193,0.37160269916057587,0.7116206139326096,1.429262101650238,2.1349952220916744,0.7564394976869322,0.4756243451119708,9.193798539236187,2.4443574211258006,0.8796409964561462,17.447900772094727,9.288039684295654,4.826538491249084,7.649507522583008,10.929574728012085,12.947869586944579,-0.2744974057978925,0.031890235084816254,Zr52.5Cu17.9Al10Ni14.6Ti5,Zr52p5Cu17p9Al10Ni14p6Ti5_769.0K.cfg,C:\Users\Admin\Downloads\cfg data\mapped_cfg_and_metadata\mapped_cfg_Zr52.5Cu17.9Al10Ni14.6Ti5\Zr52p5Cu17p9Al10Ni14p6Ti5_769.0K.cfg,769.0,-6.061114826930349
4000,1.899,0.9095597836316204,1.0,5.0,2.0,1.0,1.0,2.0,4.0,1.3963226013465875,2.1009983630262843,0.4984248837100604,0.2888215915344273,0.0004438839969225228,0.9987819790840149,0.4984325021505356,0.04829862955957651,0.24999375268816948,0.7507729977369308,0.9501620262861252,0.0032081177169496476,-1.2012073087506292,0.5014958040470965,0.2882902693412475,7.670349759791861e-07,1.0000699758529663,0.5011985003948212,0.04989968668669462,0.2539272606372833,0.7517914772033691,0.9500568777322769,-0.00036963185531994376,-1.1954465839360546,0.49920156190785203,0.2886788087438471,0.00021902599837630987,0.9998800158500671,0.5020574927330017,0.048821514286100876,0.24794599786400795,0.7484647333621979,0.9483642041683196,0.0016967774963156843,-1.1983570106086274,-5.562499465525151,1.353620757792591,-7.330049991607666,-3.4582600593566895,-6.534999847412109,-7.034454035758972,-6.8368901014328,-4.0975600481033325,-3.8604184985160828,0.15872591565875144,-1.88164569559637,1.0884313346734271,0.5155716389043641,0.059295810759067535,3.6055715084075928,1.0235438346862793,0.36615962237119676,0.7027440518140793,1.4052332937717438,2.0149134755134583,0.7737151850739495,0.8702601855188115,9.246004648983478,2.46066479937332,1.1658400297164917,17.556100845336914,9.373435020446777,4.921492576599121,7.686064839363098,10.93215012550354,13.011099576950071,-0.2709985424395732,0.08801958370863572,Zr52.5Cu17.9Al10Ni14.6Ti5,Zr52p5Cu17p9Al10Ni14p6Ti5_778.0K.cfg,C:\Users\Admin\Downloads\cfg data\mapped_cfg_and_metadata\mapped_cfg_Zr52.5Cu17.9Al10Ni14.6Ti5\Zr52p5Cu17p9Al10Ni14p6Ti5_778.0K.cfg,778.0,-6.560255946588107
4000,1.899,0.9095597836316205,1.0,5.0,2.0,1.0,1.0,2.0,4.0,1.3963226013465873,2.1009983630262834,0.4984385350385751,0.28868732930842617,-0.0022835400886833668,1.0001800060272217,0.5002880096435547,0.047390504553914074,0.24898675084114075,0.7484582364559174,0.9502313703298568,0.002706944877954976,-1.2005962443610734,0.5007521904752648,0.28821620980602775,-0.00559422979131341,1.0015300512313843,0.5008350014686584,0.05039950963109732,0.2518002539873123,0.751642495393753,0.9494619458913802,-0.0018021039368583487,-1.1953884941319368,0.49972099387126945,0.28887337015047826,-0.0015075600240379572,1.0014400482177734,0.5012689828872681,0.049107851274311554,0.2472972460091114,0.7486704885959625,0.9509561061859131,0.0019707434528172967,-1.2012702931629131,-5.558771682262421,1.3540820295360003,-7.372590065002441,-3.241919994354248,-6.52628493309021,-7.031093788146973,-6.834719896316528,-4.09561014175415,-3.8641956090927123,0.15968947945370277,-1.8774237522131467,1.1061336430432276,0.5226969606577637,0.044784266501665115,3.9415018558502197,1.0465827584266663,0.3792391508817673,0.7182509899139404,1.4093164205551147,2.0826069831848146,0.8046269421941649,0.9636804429660266,9.282839642256498,2.451267581164745,0.9483519792556763,18.074199676513672,9.374579906463623,5.082806968688965,7.733127593994141,10.903549671173096,13.149759912490843,-0.23941782100532574,0.08091102017976759,Zr52.5Cu17.9Al10Ni14.6Ti5,Zr52p5Cu17p9Al10Ni14p6Ti5_799.0K.cfg,C:\Users\Admin\Downloads\cfg data\mapped_cfg_and_metadata\mapped_cfg_Zr52.5Cu17.9Al10Ni14.6Ti5\Zr52p5Cu17p9Al10Ni14p6Ti5_799.0K.cfg,799.0,-7.598353863092275
4000,1.899,0.9095597836316204,1.0,5.0,2.0,1.0,1.0,2.0,4.0,1.396322601346587,2.1009983630262843,0.4977037408657052,0.2887000221078211,-0.002113509923219681,1.0013099908828735,0.4965579956769943,0.04732667561620474,0.2503197491168976,0.7472115010023117,0.9495282560586928,0.002081017785988967,-1.1985729264940395,0.5015173718811129,0.28834976375583177,-0.0007264530286192894,0.9999039769172668,0.5009799897670746,0.050693245232105257,0.2533482536673546,0.7515742778778076,0.9496682107448577,-0.0023824493453450113,-1.1980233202106998,0.49946984827418056,0.28856929945207105,-0.002215619897469878,1.0021100044250488,0.5016094744205475,0.04954699091613294,0.2484852485358715,0.7501715123653412,0.9493359744548797,-0.0002854721828392258,-1.1999540155507569,-5.556848552405834,1.3509814241081124,-7.327640056610107,-3.4497599601745605,-6.535414934158325,-7.02254707813263,-6.82441246509552,-4.100727558135986,-3.8563044309616092,0.15958434905279506,-1.880982562637722,1.1173128232061862,0.530281633911201,0.07462986558675766,4.58872652053833,1.040774166584015,0.3814607009291649,0.7370903044939041,1.4108385741710663,2.07861270904541,0.9158823369298104,1.5605539632952006,9.283753029316664,2.437101253163492,1.1525100469589233,17.84440040588379,9.352304935455322,5.027059555053711,7.737560153007507,10.96512508392334,13.036105108261108,-0.20864067940835784,0.02495378274970017,Zr52.5Cu17.9Al10Ni14.6Ti5,Zr52p5Cu17p9Al10Ni14p6Ti5_811.0K.cfg,C:\Users\Admin\Downloads\cfg data\mapped_cfg_and_metadata\mapped_cfg_Zr52.5Cu17.9Al10Ni14.6Ti5\Zr52p5Cu17p9Al10Ni14p6Ti5_811.0K.cfg,811.0,-8.12076612412775
4000,1.899,0.9095597836316205,1.0,5.0,2.0,1.0,1.0,2.0,4.0,1.3963226013465873,2.1009983630262834,0.49668152461316467,0.28874104050387117,-0.005679159890860319,1.002120018005371,0.49728699028491974,0.045710456743836406,0.2492700032889843,0.7471835017204285,0.9475276470184325,0.0042593171470548495,-1.198577204579971,0.5017448244582174,0.28840136338633204,-0.003910589963197708,1.0052299499511719,0.501864492893219,0.05076159946620464,0.2526090070605278,0.7521757632493973,0.9497824639081954,-0.0034202428556103395,-1.1961427247492944,0.4996933071688145,0.2886814489767922,-0.004576589912176132,1.0025700330734253,0.5022259950637817,0.049633480608463294,0.24883850291371346,0.7496425062417984,0.9487524360418319,-0.0012109727802285988,-1.2012174439202488,-5.55450786536932,1.3532542921151045,-7.299270153045654,-3.3346800804138184,-6.527184963226318,-7.029065394401551,-6.826022624969482,-4.0965399742126465,-3.8573060631752014,0.15954825776295206,-1.879048201054754,1.1358109553223477,0.5509946088533594,0.03244464471936226,4.835794925689697,1.0641981959342957,0.3762191697955132,0.7372310757637024,1.4485183358192444,2.141746592521667,0.901701366934699,1.4369785916762332,9.225125540584326,2.4400804829784053,1.3932000398635864,19.022899627685547,9.328030109405518,4.9969977855682375,7.674315094947815,10.865475177764893,13.078980207443236,-0.18872187024388157,0.17649232763254386,Zr52.5Cu17.9Al10Ni14.6Ti5,Zr52p5Cu17p9Al10Ni14p6Ti5_818.0K.cfg,C:\Users\Admin\Downloads\cfg data\mapped_cfg_and_metadata\mapped_cfg_Zr52.5Cu17.9Al10Ni14.6Ti5\Zr52p5Cu17p9Al10Ni14p6Ti5_818.0K.cfg,818.0,-8.404083960712079
4000,1.899,0.9095597836316205,1.0,5.0,2.0,1.0,1.0,2.0,4.0,1.3963226013465873,2.1009983630262834,0.49945925937504215,0.2888458123884606,-0.0038042101077735424,1.0035799741744995,0.5000259876251221,0.04848209917545319,0.24985024705529213,0.7501019984483719,0.9506204962730407,0.003938792854415691,-1.200513525113427,0.5006893113736914,0.2885830689327828,-0.00022731299395672977,1.0033899545669556,0.5002865195274353,0.05156237483024597,0.25093501061201096,0.7499155104160309,0.949949437379837,-0.0029041845267046514,-1.1975335956013793,0.49993180326514997,0.28867531613108666,-0.0012603199575096369,0.9998949766159058,0.5032874941825867,0.0495356546714902,0.24927499890327454,0.7500600069761276,0.9503629744052887,0.0003587755358581228,-1.2017630831753017,-5.552738635718822,1.3531080093998962,-7.337039947509766,-3.452899932861328,-6.534700155258179,-7.026058578491211,-6.822304844856262,-4.09245228767395,-3.841533589363098,0.159198160886463,-1.8791517784817897,1.1260146218044684,0.5355942847030158,0.05831729993224144,3.8736770153045654,1.0578341484069824,0.3921808123588562,0.7327280044555664,1.4288714230060577,2.107008659839629,0.8793219034699895,1.1821068884167598,9.330332613766194,2.4337302465957267,1.4294899702072144,17.213899612426758,9.444389820098877,5.10358612537384,7.784509778022766,11.054399728775024,13.113210201263428,-0.28935265436392804,0.09174091579649968,Zr52.5Cu17.9Al10Ni14.6Ti5,Zr52p5Cu17p9Al10Ni14p6Ti5_831.0K.cfg,C:\Users\Admin\Downloads\cfg data\mapped_cfg_and_metadata\mapped_cfg_Zr52.5Cu17.9Al10Ni14.6Ti5\Zr52p5Cu17p9Al10Ni14p6Ti5_831.0K.cfg,831.0,-8.890126105587786
4000,1.899,0.9095597836316204,1.0,5.0,2.0,1.0,1.0,2.0,4.0,1.3963226013465875,2.100998363026285,0.4995046541682241,0.288761544242737,-0.004730590153485537,1.005679965019226,0.49988098442554474,0.0479929892346263,0.24900900200009346,0.7505662590265274,0.9508827090263366,0.0023010609856171653,-1.2008020286836811,0.5012405844337773,0.2887511092482044,-0.006633100099861622,1.006719946861267,0.5018360018730164,0.05040755178779364,0.2519959956407547,0.7504522651433945,0.9505511432886122,-0.003131837608116342,-1.1968579484395125,0.49871619806594025,0.28866933255468785,-0.00829428993165493,1.00832998752594,0.5001579821109772,0.047893875651061533,0.24787575006484985,0.7486614882946014,0.9496605098247528,0.002723451734076421,-1.2003544029701225,-5.550344671070576,1.3514318722946383,-7.32558012008667,-3.302989959716797,-6.507054805755615,-7.021758890151977,-6.820030093193054,-4.0941550731658936,-3.855506992340088,0.15849267610451215,-1.8779034923156763,1.1422501279059798,0.5539235780279442,0.09489061683416367,4.322554588317871,1.0504583716392517,0.3942742094397545,0.7353387176990509,1.473772257566452,2.1397523164749144,0.8867678096229155,1.1354086308202804,9.289948568403721,2.3838656475986904,1.7302000522613525,16.944700241088867,9.385990142822266,5.084790349006653,7.799032688140869,10.927500247955322,12.97790036201477,-0.2672609838801593,0.08201457215884789,Zr52.5Cu17.9Al10Ni14.6Ti5,Zr52p5Cu17p9Al10Ni14p6Ti5_839.0K.cfg,C:\Users\Admin\Downloads\cfg data\mapped_cfg_and_metadata\mapped_cfg_Zr52.5Cu17.9Al10Ni14.6Ti5\Zr52p5Cu17p9Al10Ni14p6Ti5_839.0K.cfg,839.0,-9.1631109008382
4000,1.899,0.9095597836316204,1.0,5.0,2.0,1.0,1.0,2.0,4.0,1.3963226013465875,2.100998363026285,0.49948418006617024,0.28880943208101495,-0.0014803899684920907,1.003309965133667,0.4991379976272583,0.0493982655927539,0.2510725110769272,0.7522425055503845,0.9506507515907286,0.004419188665515594,-1.201435273798985,0.5010179829240297,0.2886438329163689,-0.008799809962511063,1.0128300189971924,0.5005285143852234,0.05020342413336039,0.25133125483989716,0.7505752593278885,0.9505427807569503,-0.0013137215578531579,-1.1982872486764282,0.49818873602231906,0.2885896433638373,-0.005919550079852343,1.001710057258606,0.49991199374198914,0.049500456452369695,0.24870750308036804,0.748490497469902,0.9473002523183822,0.0017030350887239476,-1.1970462880513566,-5.5484672366976735,1.3482309690444552,-7.304699897766113,-3.427419900894165,-6.492915153503418,-7.017695140838623,-6.820587515830994,-4.092889904975891,-3.8577359318733215,0.1576366371718051,-1.8768944185808059,1.1468779049851001,0.5486311939980865,0.04494147002696991,3.843095064163208,1.0729660987854004,0.3894573375582695,0.7455510646104813,1.457122951745987,2.1693381786346433,0.802868534873246,0.8661135991288886,9.317940869241953,2.4754769039286657,0.7193790078163147,17.238000869750977,9.442090034484863,4.9795458793640135,7.7514225244522095,11.027075052261353,13.160669708251953,-0.2612914309227028,0.08669692587966704,Zr52.5Cu17.9Al10Ni14.6Ti5,Zr52p5Cu17p9Al10Ni14p6Ti5_852.0K.cfg,C:\Users\Admin\Downloads\cfg data\mapped_cfg_and_metadata\mapped_cfg_Zr52.5Cu17.9Al10Ni14.6Ti5\Zr52p5Cu17p9Al10Ni14p6Ti5_852.0K.cfg,852.0,-9.562011028577942
4000,1.899,0.9095597836316205,1.0,5.0,2.0,1.0,1.0,2.0,4.0,1.3963226013465868,2.1009983630262834,0.4979805219832033,0.28869072239980326,-0.0018674100283533335,1.001520037651062,0.49892599880695343,0.04781568069010973,0.25020724907517433,0.7490935176610947,0.9482162058353424,0.0030006730418130653,-1.2013534866483635,0.5007911971753874,0.28869465010869677,5.635459820041433e-05,1.0020999908447266,0.49991199374198914,0.05034423023462296,0.25136349350214005,0.7520672678947449,0.9499000728130339,-0.0016864870442128436,-1.1991386335412972,0.49870328649505247,0.28841671782221856,-0.0006446170154958963,1.0010700225830078,0.4998975098133087,0.04855578821152449,0.2484162487089634,0.7499149888753891,0.9488679349422454,0.003413987571278158,-1.1974174482605733,-5.544362722873688,1.3505803510768373,-7.318260192871094,-3.1599299907684326,-6.513895034790039,-7.011413216590881,-6.811339855194092,-4.088079929351807,-3.83923157453537,0.16074782926594253,-1.876521160535251,1.1559579248675145,0.5595762230820892,0.016255991533398628,4.199874401092529,1.0808290839195251,0.39493932873010634,0.748101532459259,1.4855847358703613,2.165469694137573,0.8681556619458929,1.2336912026199505,9.31992034509778,2.44149332395575,1.150439977645874,18.17970085144043,9.393589973449707,4.984899425506592,7.752644777297974,11.093750238418579,13.01621994972229,-0.28528701030920933,0.0666254047975281,Zr52.5Cu17.9Al10Ni14.6Ti5,Zr52p5Cu17p9Al10Ni14p6Ti5_875.0K.cfg,C:\Users\Admin\Downloads\cfg data\mapped_cfg_and_metadata\mapped_cfg_Zr52.5Cu17.9Al10Ni14.6Ti5\Zr52p5Cu17p9Al10Ni14p6Ti5_875.0K.cfg,875.0,-10.119015
4000,1.899,0.9095597836316204,1.0,5.0,2.0,1.0,1.0,2.0,4.0,1.3963226013465875,2.100998363026285,0.49850204085633415,0.2888793071137658,-0.0017908100271597505,1.001889944076538,0.49720148742198944,0.04857330080121756,0.2506125047802925,0.7488442361354828,0.9503858059644699,0.006951070512390518,-1.2017788217168694,0.5004720013874303,0.2886859977912233,-0.0003129660035483539,1.001099944114685,0.5013300180435181,0.05078257452696563,0.2520739957690239,0.7513289898633957,0.9500111073255538,-0.0021394484465114233,-1.1999596167045186,0.4981580022646958,0.2883758958519566,-0.0021778501104563475,1.0006799697875977,0.4999205023050308,0.04901250898838043,0.24879300221800804,0.7461472749710083,0.9475015223026275,0.002443394770457548,-1.1961651292844497,-5.5487312471866606,1.351408388516991,-7.3549699783325195,-3.4063100814819336,-6.516010046005249,-7.023404312133789,-6.813557505607605,-4.0941401720047,-3.849696493148804,0.15736799468639523,-1.8785844733583201,1.1405673711001874,0.5513565044857325,0.07444372773170471,4.3874616622924805,1.0576024055480957,0.3887980952858925,0.7431479841470718,1.4672857522964478,2.144273018836975,0.9100560864702004,1.4728005447768746,9.297016496986151,2.4808590365316157,1.1156500577926636,18.849000930786133,9.401925086975098,5.008246350288391,7.72237765789032,11.011199951171875,13.182474756240845,-0.2555538277818835,0.05472401234954116,Zr52.5Cu17.9Al10Ni14.6Ti5,Zr52p5Cu17p9Al10Ni14p6Ti5_882.0K.cfg,C:\Users\Admin\Downloads\cfg data\mapped_cfg_and_metadata\mapped_cfg_Zr52.5Cu17.9Al10Ni14.6Ti5\Zr52p5Cu17p9Al10Ni14p6Ti5_882.0K.cfg,882.0,-10.249624017531964
4000,1.899,0.9095597836316205,1.0,5.0,2.0,1.0,1.0,2.0,4.0,1.3963226013465868,2.1009983630262834,0.5001877169341024,0.2888162775210493,-0.005603559780865908,1.0009499788284302,0.500543475151062,0.0488471832126379,0.25204700231552124,0.7507670074701309,0.9498821526765823,-0.002299492187995638,-1.2002022274095336,0.5009892429956017,0.28881412527403405,-0.007052479777485132,1.0027999877929688,0.5015130043029785,0.049494055658578874,0.25278574228286743,0.7518690079450607,0.9502851098775863,-0.004122195062413423,-1.1997763978044342,0.5004506748572594,0.2884298408249877,-0.006823849864304066,1.0076199769973755,0.5021850168704987,0.05080058667808771,0.25095024704933167,0.7505500018596649,0.9492367744445798,0.00014341975266371444,-1.1987242817795931,-5.53875127851963,1.352148183949022,-7.338260173797607,-3.228610038757324,-6.50664496421814,-7.014396500587464,-6.806752562522888,-4.085672497749329,-3.8324444890022282,0.16049800120474086,-1.870274967552475,1.1891175487712025,0.5555419063930351,0.039376020431518555,3.7316999435424805,1.1168830394744873,0.4253220662474632,0.7752185314893723,1.5162031650543213,2.2235705018043515,0.7510804480238396,0.5993089461974566,9.35621453770995,2.444944981184645,1.3808499574661255,17.349000930786133,9.441974639892578,5.109203290939331,7.763042569160461,11.063525199890137,13.159784746170041,-0.2302852260738724,0.037370125508140006,Zr52.5Cu17.9Al10Ni14.6Ti5,Zr52p5Cu17p9Al10Ni14p6Ti5_889.0K.cfg,C:\Users\Admin\Downloads\cfg data\mapped_cfg_and_metadata\mapped_cfg_Zr52.5Cu17.9Al10Ni14.6Ti5\Zr52p5Cu17p9Al10Ni14p6Ti5_889.0K.cfg,889.0,-10.363385954028091
4000,1.899,0.9095597836316205,1.0,5.0,2.0,1.0,1.0,2.0,4.0,1.3963226013465873,2.1009983630262834,0.49820894135691196,0.2887126022554882,-0.003199770115315914,1.0031299591064453,0.49640850722789764,0.048063219711184504,0.24896499887108803,0.7497985064983368,0.948718610405922,0.004782278959453387,-1.1997525020473374,0.5012717832243324,0.28884077993869034,-0.0021745299454778433,1.0034899711608887,0.5021395087242126,0.05035584662109614,0.2519660070538521,0.7521187365055084,0.9515925019979476,-0.003132780620418608,-1.1995643798852784,0.4986122062223876,0.28844988839768715,-0.006270189769566059,1.008620023727417,0.49913498759269714,0.04944504387676717,0.24823274463415146,0.7483260035514832,0.9514256715774536,0.0036266137329826038,-1.1989995289643713,-5.544927617013454,1.3498606286193426,-7.414060115814209,-3.3428900241851807,-6.513895034790039,-7.018898367881775,-6.810765027999878,-4.090082406997681,-3.8514214992523197,0.1574314575916787,-1.8766488285541676,1.1618723937785254,0.553839123771044,0.04808803275227547,3.6384482383728027,1.0985684990882874,0.38558322191238403,0.7627571076154709,1.4742547273635864,2.206008243560791,0.7734848299159341,0.6572355687120273,9.289508988499641,2.4447498687510723,1.2887599468231201,18.688600540161133,9.433294773101807,4.925347876548767,7.786267399787903,10.946925163269043,13.04126467704773,-0.27084941852456684,0.09784753942322144,Zr52.5Cu17.9Al10Ni14.6Ti5,Zr52p5Cu17p9Al10Ni14p6Ti5_909.0K.cfg,C:\Users\Admin\Downloads\cfg data\mapped_cfg_and_metadata\mapped_cfg_Zr52.5Cu17.9Al10Ni14.6Ti5\Zr52p5Cu17p9Al10Ni14p6Ti5_909.0K.cfg,909.0,-10.61115896938206
4000,1.899,0.9095597836316205,1.0,5.0,2.0,1.0,1.0,2.0,4.0,1.3963226013465873,2.1009983630262834,0.5005173923641032,0.28869902778996975,-0.0003193560114596039,1.0008399486541748,0.4995409995317459,0.05169147551059723,0.25179150700569153,0.7514915019273758,0.9498027563095092,0.0022502024592481974,-1.2008301838934432,0.5022570795862957,0.2888263765169305,-0.0007672730134800076,1.000380039215088,0.5051285028457642,0.05018552895635367,0.25357774645090103,0.7511380016803741,0.951870635151863,-0.004687663051191428,-1.1991587289582735,0.4969687504150788,0.28848442039045025,-0.001432370045222342,0.9992859959602356,0.4973289966583252,0.04477788992226124,0.24756399542093277,0.7458447366952896,0.9480209380388259,0.0014387420303362763,-1.2004715951675482,-5.534498969733715,1.3465548340178726,-7.381360054016113,-3.1105799674987793,-6.487279891967773,-7.008965682983399,-6.795762658119202,-4.076232552528381,-3.836147952079773,0.1594885018970206,-1.8748647685469226,1.1947707467600703,0.5755129534605057,0.09652192890644073,4.071372985839844,1.1239230632781982,0.4000976160168648,0.7697576135396957,1.527557760477066,2.239111077785491,0.8616819090004758,1.1733606936509,9.389460344880819,2.4448781623519507,1.391319990158081,17.783199310302734,9.520264625549316,5.139305424690247,7.787774920463562,11.044999837875366,13.30842542648315,-0.18556773173696137,0.015429147427877599,Zr52.5Cu17.9Al10Ni14.6Ti5,Zr52p5Cu17p9Al10Ni14p6Ti5_914.0K.cfg,C:\Users\Admin\Downloads\cfg data\mapped_cfg_and_metadata\mapped_cfg_Zr52.5Cu17.9Al10Ni14.6Ti5\Zr52p5Cu17p9Al10Ni14p6Ti5_914.0K.cfg,914.0,-10.659231972136055
4000,1.899,0.9095597836316205,1.0,5.0,2.0,1.0,1.0,2.0,4.0,1.3963226013465873,2.1009983630262834,0.4997136792649253,0.28874388347796126,-0.004112069960683584,1.0018999576568604,0.4984254986047745,0.050990698486566545,0.2528097406029701,0.7496250122785568,0.9494883418083191,0.0056336779382487046,-1.1997855129049755,0.5015664952812585,0.2885500990663661,-0.004650569986552,1.005429983139038,0.5018504858016968,0.04954508934170008,0.25394049286842346,0.7511114925146103,0.9504038244485854,-0.006438915599283275,-1.196886824542152,0.49895303492106857,0.28858343261591657,-0.0010386599460616708,1.005020022392273,0.5013484954833984,0.048857135325670244,0.2484937570989132,0.7481492608785629,0.9506142318248748,0.00031567709386846703,-1.1998564448898124,-5.531505441606045,1.3485306881121883,-7.3152899742126465,-3.3791298866271973,-6.501450061798096,-7.002923607826233,-6.795564889907837,-4.0772775411605835,-3.827499914169312,0.16178863133859966,-1.8733464701759268,1.2037303042728453,0.5827733691516738,0.06969919055700302,3.927778482437134,1.1267793774604797,0.39740735441446307,0.7811297178268433,1.5312599539756775,2.268084979057311,0.831380131797508,0.941267410267792,9.348030365109445,2.3975370988913918,1.0758299827575684,17.69729995727539,9.44968032836914,5.156209540367127,7.8093650341033936,11.003649950027466,13.054285144805908,-0.2478041344791479,0.06104003306798056,Zr52.5Cu17.9Al10Ni14.6Ti5,Zr52p5Cu17p9Al10Ni14p6Ti5_922.0K.cfg,C:\Users\Admin\Downloads\cfg data\mapped_cfg_and_metadata\mapped_cfg_Zr52.5Cu17.9Al10Ni14.6Ti5\Zr52p5Cu17p9Al10Ni14p6Ti5_922.0K.cfg,922.0,-10.727818008063984
4000,1.899,0.9095597836316204,1.0,5.0,2.0,1.0,1.0,2.0,4.0,1.3963226013465875,2.100998363026285,0.4987169451313475,0.28850563245213656,-0.006446499843150377,1.0032800436019897,0.497143492102623,0.05252050440758467,0.24964899942278862,0.7480282336473465,0.9496274262666702,0.00584299449233403,-1.1983963457397078,0.5010412758377306,0.2883781424995317,-0.009733759798109531,1.00423002243042,0.5011150240898132,0.04940259996801615,0.2523352578282356,0.7496217489242554,0.9502264320850371,-0.004912256166695965,-1.1953282231565066,0.5009151623102198,0.28868146298113256,-0.0025235600769519806,1.0021300315856934,0.5026040077209473,0.05085049066692591,0.25019850581884384,0.7486847639083862,0.9505059659481044,-0.0018375553854417274,-1.1976009288137703,-5.532092160642147,1.3482449171717972,-7.330420017242432,-3.213639974594116,-6.491075038909912,-7.006201314926147,-6.79713499546051,-4.0737751722335815,-3.8240384578704836,0.16183363416834204,-1.8711144815077505,1.2014744121208787,0.5927306375444003,0.08048330992460251,3.919332981109619,1.1210092902183533,0.4124084636569023,0.7626913338899612,1.5467175543308258,2.3019307851791373,0.857445137146405,0.9853181913203675,9.419997383058071,2.417398779493981,1.1767200231552124,16.614700317382812,9.53362512588501,5.284316277503968,7.917194962501526,11.094325304031372,13.166434812545775,-0.26001017551582895,0.02921467182769444,Zr52.5Cu17.9Al10Ni14.6Ti5,Zr52p5Cu17p9Al10Ni14p6Ti5_957.0K.cfg,C:\Users\Admin\Downloads\cfg data\mapped_cfg_and_metadata\mapped_cfg_Zr52.5Cu17.9Al10Ni14.6Ti5\Zr52p5Cu17p9Al10Ni14p6Ti5_957.0K.cfg,957.0,-10.953576005387989
4000,1.80975,0.6546410753229589,1.0,4.0,2.0,1.0,1.0,2.0,3.0,0.9828343266809669,2.494977628686394,0.5005499864036792,0.2885352887284302,-0.00262294989079237,1.0086300373077393,0.49966898560523987,0.051061354950070394,0.2515009865164757,0.7508299797773361,0.9497940748929977,0.0013440918968221655,-1.1997590282990673,0.5022349090287317,0.28864381550559326,-0.008504560217261314,1.0093499422073364,0.5029004812240601,0.051293930225074294,0.25261324644088745,0.7531857490539551,0.951904410123825,-0.0025669818143493383,-1.1974658337796513,0.4993282078203865,0.28878405706738836,-0.003736519953235984,1.0068000555038452,0.49823901057243347,0.04914828594774008,0.24832149595022202,0.7482362389564514,0.949925422668457,0.00018842850854645994,-1.1977483674899112,-5.785799422860146,1.2188188109370908,-7.25383996963501,-3.3792500495910645,-6.564409971237183,-6.904862475395203,-6.7360275983810425,-4.236670017242432,-3.9880449891090395,0.589846203310662,-1.5643318295739035,0.9075970995482058,0.41882879554031893,0.03882046788930893,2.9514708518981934,0.8499642014503479,0.31944811195135114,0.609717458486557,1.1673164367675781,1.6901720345020295,0.6973595443890207,0.49413835810875995,9.301034339949489,2.6276752461186543,0.9650400280952454,18.544099807739258,9.440794944763184,4.514140200614929,7.683259844779968,11.086750268936157,13.379234981536865,-0.2891006412950207,0.06543089706406713,Zr64.13Cu15.75Ni10.12Al10,Zr64p13Cu15p75Ni10p12Al10_566.0K.cfg,C:\Users\Admin\Downloads\cfg data\mapped_cfg_and_metadata\mapped_cfg_Zr64.13Cu15.75Ni10.12Al10\Zr64p13Cu15p75Ni10p12Al10_566.0K.cfg,566.0,16.243296299845206
4000,1.80975,0.6546410753229589,1.0,4.0,2.0,1.0,1.0,2.0,3.0,0.9828343266809669,2.494977628686394,0.498019509420039,0.28829600220372664,-0.00021160399774089456,1.0013099908828735,0.49742749333381653,0.049366775713861,0.24971799552440643,0.7482330054044724,0.9484357833862305,0.0016109576080932195,-1.1992887972713981,0.5009827536683698,0.2887409465861598,-0.00111109996214509,1.0013799667358398,0.5017594993114471,0.050448289886116986,0.25135524570941925,0.7519959956407547,0.9493316739797591,-0.0018158021846192455,-1.198624040264719,0.49728125627564623,0.2885991895670281,-0.002219130052253604,1.0035400390625,0.49730099737644196,0.05069526117295027,0.24660224840044975,0.7475265115499496,0.9488100379705429,0.0009266629648727288,-1.1989922295466682,-5.7800907388925555,1.2166527589043954,-7.151869773864746,-3.522939920425415,-6.549834966659546,-6.910816979408264,-6.730037569999695,-4.230472683906555,-3.9748304367065432,0.5876406273191941,-1.5653771264177332,0.9385409564450383,0.4340555672501807,0.030237864702939987,2.9150238037109375,0.8872696459293365,0.32202493697404866,0.6182417720556259,1.2020868957042694,1.7373381853103635,0.6608874915587232,0.41753138686975744,9.298699145019054,2.5958375069438104,1.1189600229263306,17.730100631713867,9.402174949645996,4.6489839315414425,7.6780024766922,11.12149977684021,13.31191473007202,-0.2834994083415407,0.00645249343643961,Zr64.13Cu15.75Ni10.12Al10,Zr64p13Cu15p75Ni10p12Al10_569.0K.cfg,C:\Users\Admin\Downloads\cfg data\mapped_cfg_and_metadata\mapped_cfg_Zr64.13Cu15.75Ni10.12Al10\Zr64p13Cu15p75Ni10p12Al10_569.0K.cfg,569.0,15.501920096779797
4000,1.80975,0.6546410753229589,1.0,4.0,2.0,1.0,1.0,2.0,3.0,0.9828343266809667,2.494977628686394,0.49802680993188553,0.28853559130897344,-0.0073281400837004185,1.0074700117111206,0.49806949496269226,0.04804152473807335,0.24898774549365044,0.7492735087871552,0.9477702677249908,0.0009179338161697961,-1.1989262154560818,0.5029887633654707,0.2887229422416896,-0.005043390206992626,1.0065699815750122,0.5033090114593506,0.053372186422348034,0.25420449674129486,0.7537272721529007,0.9528193205595016,-0.0007923716485364829,-1.1981313405427156,0.49852288607081574,0.28862459453032385,-0.005011859815567732,1.005020022392273,0.49835599958896637,0.049196079745888716,0.24724150449037552,0.7490774989128113,0.9488997906446456,0.0004423335714063319,-1.1985867775782721,-5.783633631408215,1.2217201984476334,-7.225029945373535,-3.3907699584960938,-6.5638649463653564,-6.906918382644653,-6.733827352523804,-4.2289451360702515,-3.972936987876892,0.5907046963665663,-1.5612079455383254,0.9153978282939643,0.43426209317555253,0.04069262742996216,3.216697931289673,0.8536843061447144,0.3167904779314995,0.5929515808820724,1.1658464968204498,1.7188803195953368,0.8142735667706859,0.8313064982126259,9.35014640469849,2.588534400052138,0.9399020075798035,17.5310001373291,9.522550106048584,4.662398338317871,7.735687613487244,11.164300203323364,13.261365365982053,-0.32702466480309683,0.08259232906311498,Zr64.13Cu15.75Ni10.12Al10,Zr64p13Cu15p75Ni10p12Al10_573.0K.cfg,C:\Users\Admin\Downloads\cfg data\mapped_cfg_and_metadata\mapped_cfg_Zr64.13Cu15.75Ni10.12Al10\Zr64p13Cu15p75Ni10p12Al10_573.0K.cfg,573.0,14.547250425159143
4000,1.80975,0.6546410753229589,1.0,4.0,2.0,1.0,1.0,2.0,3.0,0.9828343266809667,2.494977628686394,0.49978172443883523,0.2883219158370941,-0.009163809940218925,1.0072499513626099,0.49916450679302216,0.052910684049129506,0.2505755126476288,0.7490582466125488,0.9498626291751862,0.001657667101175127,-1.1967640197955953,0.5009918337063209,0.28874571919386216,-0.005852240137755871,1.006100058555603,0.5028730034828186,0.052459589205682285,0.2513662502169609,0.752345010638237,0.9501740753650663,-0.0007096888971490802,-1.1986352823694097,0.4993135935492755,0.2884984654371822,-0.005534439813345671,1.0093400478363037,0.4997599869966507,0.04932081438601017,0.2485314980149269,0.7491727322340012,0.9505132734775543,0.0012074950463844315,-1.1957273633871255,-5.779709813714027,1.2200866967230275,-7.197909832000732,-3.4565699100494385,-6.55757999420166,-6.903757405281067,-6.727547526359558,-4.2231974601745605,-3.980320537090302,0.5906293555983857,-1.5629946517061122,0.9419986734865233,0.4317300099079697,0.052751291543245316,3.0931997299194336,0.8861004114151001,0.3311700686812401,0.6169587224721909,1.2184387743473053,1.7227577149868007,0.6816272596402841,0.49156752100732337,9.355498409092426,2.620601887456986,1.0888500213623047,17.780799865722656,9.473899841308594,4.610649681091308,7.722280144691467,11.236974716186523,13.344884729385374,-0.32403942838038485,-0.031031270866168192,Zr64.13Cu15.75Ni10.12Al10,Zr64p13Cu15p75Ni10p12Al10_591.0K.cfg,C:\Users\Admin\Downloads\cfg data\mapped_cfg_and_metadata\mapped_cfg_Zr64.13Cu15.75Ni10.12Al10\Zr64p13Cu15p75Ni10p12Al10_591.0K.cfg,591.0,10.638503443713777
4000,1.80975,0.6546410753229589,1.0,4.0,2.0,1.0,1.0,2.0,3.0,0.9828343266809667,2.494977628686394,0.49956412984104825,0.288543206786845,-0.0025165400002151728,1.0066100358963013,0.49876299500465393,0.0516484633088112,0.250901497900486,0.7499444931745529,0.9494830787181854,0.0019737918143823917,-1.2001517977198206,0.5009505597616571,0.2887630337944561,-0.006606969982385635,1.0064599514007568,0.501860499382019,0.05106849502772093,0.25123824179172516,0.7513949871063232,0.9518129765987396,-0.0017927381735576124,-1.1978016660697592,0.4978208486098902,0.28864151469605004,-0.0034491498954594135,1.0092500448226929,0.4963800013065338,0.04811707027256489,0.24812450259923935,0.7480717450380325,0.9483418732881546,-0.00020100124358715798,-1.198466457845231,-5.778103015601635,1.216948326571665,-7.200089931488037,-3.4364500045776367,-6.557219982147217,-6.8954651117324826,-6.723952412605286,-4.230484843254089,-3.9798370361328126,0.592368263006369,-1.5591940636571016,0.9479843733534217,0.44419547288396816,0.054278720170259476,3.2667489051818848,0.8900242447853088,0.3236124232411385,0.6141242235898972,1.223953127861023,1.7742552936077114,0.7295714251996446,0.688486862577872,9.359574229314923,2.6334680650337368,0.7810479998588562,18.53689956665039,9.494935035705566,4.460043501853943,7.712367415428162,11.231250047683716,13.407679843902585,-0.3062586812205972,0.03428358225769301,Zr64.13Cu15.75Ni10.12Al10,Zr64p13Cu15p75Ni10p12Al10_602.0K.cfg,C:\Users\Admin\Downloads\cfg data\mapped_cfg_and_metadata\mapped_cfg_Zr64.13Cu15.75Ni10.12Al10\Zr64p13Cu15p75Ni10p12Al10_602.0K.cfg,602.0,8.64862148986596
4000,1.80975,0.6546410753229589,1.0,4.0,2.0,1.0,1.0,2.0,3.0,0.9828343266809667,2.494977628686394,0.4998075867622283,0.2884265177685604,-0.0017290000105276704,1.001539945602417,0.4997970014810562,0.05069012828171254,0.25005050748586655,0.7505310028791428,0.9490942835807801,-0.0022314438510289483,-1.2004112582555886,0.5009600113484793,0.28859103897449445,-5.225789936957881e-05,1.001289963722229,0.5006875097751617,0.050775059871375566,0.25167975574731827,0.75102499127388,0.9500225216150283,-0.0017729082423974152,-1.1989055480031845,0.4985547620189873,0.2885213651763667,-0.0002394600014667958,1.0000900030136108,0.4975779950618744,0.04824185855686665,0.2481822557747364,0.7477802336215973,0.9495178282260893,-0.00048247611174760696,-1.1977885470804348,-5.775329321682453,1.2196471431293365,-7.188700199127197,-3.437350034713745,-6.5520851612091064,-6.900401139259339,-6.728884935379028,-4.226557612419128,-3.9698425769805907,0.5904101549548301,-1.5592135534216058,0.9683647177387029,0.4483296522716708,0.033632051199674606,3.308708906173706,0.9140869379043579,0.34395559281110766,0.6366456300020218,1.2324044704437256,1.7989070415496822,0.7060159501255375,0.5341502412599639,9.38652400892973,2.622109452971836,1.0890300273895264,17.222999572753906,9.497125148773193,4.68627896308899,7.74054753780365,11.246100187301636,13.384529590606686,-0.2698678578793873,-0.003220495158605008,Zr64.13Cu15.75Ni10.12Al10,Zr64p13Cu15p75Ni10p12Al10_604.0K.cfg,C:\Users\Admin\Downloads\cfg data\mapped_cfg_and_metadata\mapped_cfg_Zr64.13Cu15.75Ni10.12Al10\Zr64p13Cu15p75Ni10p12Al10_604.0K.cfg,604.0,8.288300471299051
4000,1.80975,0.6546410753229589,1.0,4.0,2.0,1.0,1.0,2.0,3.0,0.9828343266809667,2.494977628686394,0.4997892112624977,0.28851908142842236,-0.004063299857079983,1.0029100179672241,0.49966250360012054,0.05019817501306534,0.24970374628901482,0.7505832612514496,0.9508289515972137,-0.0008427612472559329,-1.198927915280584,0.5009747449407423,0.2886059776004091,-0.001152649987488985,1.0033899545669556,0.499783992767334,0.0518435761332512,0.251678504049778,0.7530314922332764,0.9506735652685164,0.0006155392152615779,-1.1988932934831622,0.4980603282406446,0.2885520765289886,-0.00220320001244545,1.00285005569458,0.49731700122356415,0.04757710490375758,0.24735499545931816,0.7472830265760422,0.9485866874456406,-0.0018310577445398103,-1.2000107680774115,-5.7749493640065195,1.216266348424899,-7.224319934844971,-3.1307499408721924,-6.545735120773315,-6.896646785736084,-6.724287629127502,-4.22932767868042,-3.9745341062545783,0.5915979716242308,-1.5571177137710634,0.9557821093518287,0.4450900853742093,0.02545660361647606,3.1838552951812744,0.9041514098644257,0.32596132457256316,0.6344712227582932,1.2122428119182587,1.7656229734420776,0.7631839374732726,0.7776693709622546,9.34728876399994,2.6130061812979237,1.373129963874817,17.711200714111328,9.486509799957275,4.776537299156189,7.698235034942627,11.197974920272827,13.40961513519287,-0.3035139453554169,-0.003124761972874257,Zr64.13Cu15.75Ni10.12Al10,Zr64p13Cu15p75Ni10p12Al10_625.0K.cfg,C:\Users\Admin\Downloads\cfg data\mapped_cfg_and_metadata\mapped_cfg_Zr64.13Cu15.75Ni10.12Al10\Zr64p13Cu15p75Ni10p12Al10_625.0K.cfg,625.0,4.856061953476093
4000,1.80975,0.6546410753229589,1.0,4.0,2.0,1.0,1.0,2.0,3.0,0.9828343266809668,2.494977628686396,0.5000450456091273,0.2883979349570081,-0.005517200101166964,1.0015499591827393,0.4999160170555115,0.049076300859451305,0.2498604990541935,0.7502642422914505,0.9500282257795333,-0.0019717615870645205,-1.198391606315398,0.5012544616203668,0.2885421412383777,-0.0023894100449979305,1.005020022392273,0.5022594928741455,0.05178686380386353,0.25423699617385864,0.7525062710046768,0.9503066211938854,-0.0009406045409452099,-1.1987010731766556,0.49903556529925847,0.2886070933990639,-0.004263170063495636,1.0026500225067139,0.49882499873638153,0.04911939427256584,0.24911849945783615,0.7492574900388718,0.9496016442775725,-0.0005264564405887183,-1.1974755120040401,-5.7734119265675545,1.2199035817047854,-7.270349979400635,-3.22763991355896,-6.54640007019043,-6.902101016044616,-6.721000075340271,-4.223824858665466,-3.9618479728698732,0.5905819617304341,-1.5590793381386203,0.9676305982070044,0.4478963273007409,0.05529206246137619,3.200714588165283,0.9125617444515228,0.3437271758913994,0.638887345790863,1.2370756566524506,1.7853320896625484,0.767808351336903,0.7910298939195295,9.43641703659296,2.617791556429876,1.072890043258667,17.01689910888672,9.517024993896484,4.731762385368348,7.785982370376587,11.229149580001831,13.457030200958249,-0.26217586352586697,0.021357402548729976,Zr64.13Cu15.75Ni10.12Al10,Zr64p13Cu15p75Ni10p12Al10_638.0K.cfg,C:\Users\Admin\Downloads\cfg data\mapped_cfg_and_metadata\mapped_cfg_Zr64.13Cu15.75Ni10.12Al10\Zr64p13Cu15p75Ni10p12Al10_638.0K.cfg,638.0,3.046999390461216
4000,1.80975,0.6546410753229589,1.0,4.0,2.0,1.0,1.0,2.0,3.0,0.9828343266809667,2.494977628686394,0.4995253861149522,0.2884210512214084,-0.0033776001073420048,1.0075000524520874,0.4982815086841583,0.049259375780820853,0.2501410059630871,0.749567523598671,0.9488578975200653,-0.0018428644659786643,-1.1979485644300292,0.5007435697754518,0.2888244462077746,-0.008819480426609516,1.0071300268173218,0.4990374892950058,0.05127370674163103,0.25106199085712433,0.7531087398529053,0.9498374283313751,-0.0006811100940057868,-1.1989822393348604,0.49903063010878396,0.2885991343752003,-0.00592694990336895,1.0079100131988525,0.49869799613952637,0.04952282663434744,0.24837875366210938,0.7485705018043518,0.9490230947732924,-0.00025940367426201033,-1.197989510478139,-5.771688540458679,1.2183154438761603,-7.1354498863220215,-3.4372200965881348,-6.543920040130615,-6.894102668762207,-6.723517298698425,-4.232385039329529,-3.960235404968262,0.5903895239943275,-1.5576037759876198,0.9797566952630877,0.46449417700189427,0.03975018858909607,3.3454043865203857,0.9081209003925323,0.34330107271671295,0.6372961103916168,1.2573806047439575,1.8468910753726957,0.8511698793004513,0.9736259629121977,9.462874472558498,2.6160601497590976,1.0148999691009521,18.645999908447266,9.61104965209961,4.812732100486755,7.82691502571106,11.264349937438965,13.556114912033081,-0.290357917685411,0.09567565026768676,Zr64.13Cu15.75Ni10.12Al10,Zr64p13Cu15p75Ni10p12Al10_649.0K.cfg,C:\Users\Admin\Downloads\cfg data\mapped_cfg_and_metadata\mapped_cfg_Zr64.13Cu15.75Ni10.12Al10\Zr64p13Cu15p75Ni10p12Al10_649.0K.cfg,649.0,1.6639528473543008
4000,1.80975,0.6546410753229589,1.0,4.0,2.0,1.0,1.0,2.0,3.0,0.9828343266809667,2.494977628686394,0.500048863797092,0.28844857835425797,-0.0021025799214839935,1.0030100345611572,0.5000900030136108,0.051420671120286005,0.25077374279499054,0.7499167323112488,0.949605244398117,-0.0010397443728769132,-1.19817845489226,0.5024424215806103,0.2886962191293767,-0.0036250499542802572,1.002369999885559,0.5028044879436493,0.05183109492063522,0.25255849212408066,0.7527160197496414,0.9506595402956008,-0.003146422907311424,-1.1986724859624012,0.4985460008174941,0.2887476871166624,-0.003377180080860853,1.0025500059127808,0.49667200446128845,0.04822829514741898,0.24762799963355064,0.7486985176801682,0.9485556364059448,0.0005565848318493979,-1.2004656007369303,-5.766899204313755,1.2192905182639857,-7.248630046844482,-3.2894299030303955,-6.543230056762695,-6.896243643760681,-6.714235067367554,-4.219117522239685,-3.9586155652999877,0.5899763721785232,-1.5608958542124594,1.0009579826276749,0.4574310568695601,0.07231266796588898,3.377622604370117,0.9524857997894287,0.3491129040718079,0.6623195111751556,1.2828218638896942,1.827907645702362,0.727478886511585,0.8445184225634508,9.34860172495246,2.596822151490186,0.9483669996261597,18.450000762939453,9.483369827270508,4.600432682037353,7.732817530632019,11.15517520904541,13.28554458618164,-0.303128188374722,0.06760231232308067,Zr64.13Cu15.75Ni10.12Al10,Zr64p13Cu15p75Ni10p12Al10_661.0K.cfg,C:\Users\Admin\Downloads\cfg data\mapped_cfg_and_metadata\mapped_cfg_Zr64.13Cu15.75Ni10.12Al10\Zr64p13Cu15p75Ni10p12Al10_661.0K.cfg,661.0,0.2949465301261221
4000,1.80975,0.6546410753229589,1.0,4.0,2.0,1.0,1.0,2.0,3.0,0.9828343266809667,2.494977628686394,0.49927428866732226,0.28838252691226524,0.0004720430006273091,0.9996899962425232,0.49842800199985504,0.05097571071237328,0.24988024681806564,0.7501267641782761,0.9491511046886444,0.00017503419694558106,-1.1991286062511501,0.5022204194505321,0.28875516568251647,0.00017618900164961815,0.9999200105667114,0.5013445019721985,0.050825338996946814,0.25272001326084137,0.7541854828596115,0.9516316533088683,0.0004937294753715855,-1.19965193034353,0.4980373302729968,0.2886426120560563,0.00014555400412064046,0.9996960163116455,0.49711599946022034,0.04838531371206045,0.24684900045394897,0.7475937604904175,0.9492519348859787,-0.0012865058186706788,-1.2002322013020823,-5.770496833801269,1.2183819144517305,-7.245669841766357,-3.488420009613037,-6.545345067977905,-6.893391108512878,-6.718855023384094,-4.226127505302429,-3.9535110831260685,0.5908515625943198,-1.5591774684544895,0.9822288436722011,0.4744088282799057,0.049333296716213226,3.7633719444274902,0.9141842126846313,0.3238605886697769,0.6361089199781418,1.2569381892681122,1.8371837258338926,0.8603209501327228,1.239532948508372,9.41470846527815,2.5961817398038183,0.6449090242385864,17.69179916381836,9.562525272369385,4.779991960525512,7.81228232383728,11.181574821472168,13.442204713821411,-0.2806189766657361,0.060499224960038234,Zr64.13Cu15.75Ni10.12Al10,Zr64p13Cu15p75Ni10p12Al10_664.0K.cfg,C:\Users\Admin\Downloads\cfg data\mapped_cfg_and_metadata\mapped_cfg_Zr64.13Cu15.75Ni10.12Al10\Zr64p13Cu15p75Ni10p12Al10_664.0K.cfg,664.0,-0.0273083578032883
4000,1.80975,0.6546410753229589,1.0,4.0,2.0,1.0,1.0,2.0,3.0,0.9828343266809667,2.494977628686394,0.4997908497733524,0.2884239171363134,-0.0007960450020618737,1.002940058708191,0.4996965080499649,0.05109336040914059,0.25146449357271194,0.7499927580356598,0.950457552075386,0.0008629269326472064,-1.198564648770861,0.5017173264950543,0.28853330620783496,-0.002063839929178357,1.0033899545669556,0.500727504491806,0.051967673934996135,0.25302673876285553,0.7506217360496521,0.9498431026935577,-0.0018351974133339378,-1.1984573494189805,0.4973141236323354,0.2886347267088489,-0.0015947700012475252,1.0027899742126465,0.49596749246120453,0.04693865496665239,0.24664249643683434,0.7483889758586884,0.9484439969062805,0.0012198950631109493,-1.1997591851930012,-5.7656589603424075,1.2169896065850905,-7.197249889373779,-3.439739942550659,-6.535589933395386,-6.888029527664185,-6.717142581939697,-4.217445135116577,-3.964334988594055,0.5888547214503789,-1.5620990845452272,1.0055370186362416,0.4783663623477444,0.06439615786075592,3.355006694793701,0.9545823335647583,0.3314748480916023,0.6530179232358932,1.2872255742549896,1.857001829147339,0.7314883425243077,0.7322271290768292,9.420857059597969,2.57466615122819,1.1355600357055664,18.524200439453125,9.560679912567139,4.732701444625855,7.800522327423096,11.20662522315979,13.410809993743896,-0.30581868731063244,-0.01396413030598076,Zr64.13Cu15.75Ni10.12Al10,Zr64p13Cu15p75Ni10p12Al10_677.0K.cfg,C:\Users\Admin\Downloads\cfg data\mapped_cfg_and_metadata\mapped_cfg_Zr64.13Cu15.75Ni10.12Al10\Zr64p13Cu15p75Ni10p12Al10_677.0K.cfg,677.0,-1.3345446684986737
4000,1.80975,0.6546410753229589,1.0,4.0,2.0,1.0,1.0,2.0,3.0,0.9828343266809667,2.494977628686394,0.500042862026221,0.28839535892570883,-0.00220904010348022,0.9998000264167786,0.5001355111598969,0.05203826148062945,0.2511404901742935,0.7513824999332428,0.9502405822277069,0.00036105862416450934,-1.1983461748069453,0.5027262864963159,0.2886049205192916,-0.0019516500178724527,1.0010499954223633,0.5030940175056458,0.05383601449429989,0.2537204995751381,0.7524829804897308,0.9499800324440001,-0.0018687041170234548,-1.1984661027373844,0.4982976566241505,0.2886995769775536,-0.0018591899424791336,1.001710057258606,0.4974759966135025,0.05035945549607278,0.246995247900486,0.7481917440891266,0.9502344399690628,0.001227445387647974,-1.198946920247455,-5.762708470821381,1.215492836552451,-7.17533016204834,-3.4392800331115723,-6.534175157546997,-6.889621829986572,-6.710617423057556,-4.2281248569488525,-3.955288887023926,0.5886248394819638,-1.560672246329493,1.012262506581843,0.481458295325374,0.03565087541937828,3.325540781021118,0.9395933747291565,0.35671955049037934,0.6672335565090179,1.2972211837768555,1.9099412381649017,0.8212586353476833,0.8098117264083147,9.490054286286234,2.5926554011979173,0.8638619780540466,17.399900436401367,9.621479988098145,5.038900017738342,7.867629885673523,11.230175018310547,13.5656653881073,-0.2646322109283156,0.10479376940806695,Zr64.13Cu15.75Ni10.12Al10,Zr64p13Cu15p75Ni10p12Al10_679.0K.cfg,C:\Users\Admin\Downloads\cfg data\mapped_cfg_and_metadata\mapped_cfg_Zr64.13Cu15.75Ni10.12Al10\Zr64p13Cu15p75Ni10p12Al10_679.0K.cfg,679.0,-1.523639962680078
4000,1.80975,0.6546410753229589,1.0,4.0,2.0,1.0,1.0,2.0,3.0,0.9828343266809667,2.494977628686394,0.4980674781730961,0.28844219150887357,-0.005911259911954403,1.0008900165557861,0.49845999479293823,0.04687131959944964,0.24852725490927696,0.7481982260942459,0.948752424120903,0.0003594112830429641,-1.1983147405611403,0.5002417594634444,0.28864078155741113,-0.010150499641895294,1.0024199485778809,0.4991315007209778,0.05016591381281615,0.249548751860857,0.7527379989624023,0.9483792424201964,-0.00333864062440925,-1.1977066179110945,0.4988119062366204,0.28886358751192137,-0.0038546801079064608,1.0037599802017212,0.49728450179100037,0.048905483447015285,0.2472827509045601,0.750403493642807,0.9499596238136291,0.0003627766041851457,-1.1990281615898575,-5.76244990336895,1.2198835682632942,-7.141449928283691,-3.437690019607544,-6.540805101394653,-6.892212963104248,-6.710867524147034,-4.2208274602890015,-3.9454696059226992,0.591439737214239,-1.5575919647267757,1.021233152581379,0.4782507714274452,0.0700221061706543,3.3393657207489014,0.9676674008369446,0.3485543102025986,0.6671538800001144,1.311674416065216,1.8738225281238554,0.7165476479155788,0.6264164224560806,9.50682940223813,2.5694792966577973,1.0243899822235107,17.843900680541992,9.675125122070312,5.037738990783692,7.822324872016907,11.29622507095337,13.536064958572386,-0.24692810960091904,-0.058861929603085006,Zr64.13Cu15.75Ni10.12Al10,Zr64p13Cu15p75Ni10p12Al10_704.0K.cfg,C:\Users\Admin\Downloads\cfg data\mapped_cfg_and_metadata\mapped_cfg_Zr64.13Cu15.75Ni10.12Al10\Zr64p13Cu15p75Ni10p12Al10_704.0K.cfg,704.0,-3.641547169205664
4000,1.80975,0.6546410753229589,1.0,4.0,2.0,1.0,1.0,2.0,3.0,0.9828343266809667,2.494977628686394,0.49954336497277835,0.28836507820435925,0.0014222300378605723,1.0014499425888062,0.4984644949436188,0.05025625973939897,0.25082051008939743,0.7503117322921753,0.9491782248020172,0.0019547757473000918,-1.1993835529616323,0.5029949903578381,0.28871970246521805,-0.0008502720156684518,1.0001599788665771,0.5036615133285522,0.0521544948220253,0.2550635039806366,0.7534392327070236,0.9529868513345718,-0.00427982437652437,-1.2002983762448418,0.49878503743056535,0.28871513292313317,9.59860990406014e-05,0.9997490048408508,0.4975530058145523,0.049405244179069996,0.24922574684023857,0.7497970163822174,0.9488163769245147,0.0009533027574437733,-1.2000286060707905,-5.760106361031532,1.2146152506889973,-7.144060134887695,-3.3728299140930176,-6.526020050048828,-6.883026909828186,-6.710065007209778,-4.219465017318726,-3.9555489659309386,0.5906064997080577,-1.5572541325536016,1.0246432564752177,0.47083093106883267,0.04926872253417969,3.3490426540374756,0.9685567319393158,0.35886744111776353,0.6777858734130859,1.3146494626998901,1.8836468160152433,0.6663665403064939,0.46052075135168913,9.413394594728947,2.6400569775625202,1.5267800092697144,18.28459930419922,9.516755104064941,4.626652431488037,7.763769865036011,11.237150430679321,13.500034761428832,-0.2706702782311347,-0.02996631861092869,Zr64.13Cu15.75Ni10.12Al10,Zr64p13Cu15p75Ni10p12Al10_711.0K.cfg,C:\Users\Admin\Downloads\cfg data\mapped_cfg_and_metadata\mapped_cfg_Zr64.13Cu15.75Ni10.12Al10\Zr64p13Cu15p75Ni10p12Al10_711.0K.cfg,711.0,-4.171956311245244
4000,1.80975,0.6546410753229589,1.0,4.0,2.0,1.0,1.0,2.0,3.0,0.9828343266809667,2.494977628686394,0.49754191968191663,0.28837110036932645,-0.0001396449952153489,0.9997689723968506,0.4970860034227371,0.04847670365124942,0.24767399951815605,0.7475492656230927,0.9493759244680404,0.0024259151446228374,-1.199613990439421,0.5017235023916874,0.2887524235157769,0.0006433569942601025,0.9995269775390625,0.5020679831504822,0.05035829823464155,0.25410400331020355,0.7527797371149063,0.9496834456920623,-0.003045505753688846,-1.2000276646752595,0.5003093824292664,0.2886874224132534,3.9374601328745484e-05,0.9997590184211731,0.4985934942960739,0.05045550037175417,0.2504057437181473,0.7506812363862991,0.9499137908220291,0.0021151714920513215,-1.200324284138155,-5.757913884758949,1.213112598147404,-7.13992977142334,-3.4977400302886963,-6.524374961853027,-6.887173342704773,-6.7062201499938965,-4.216135144233704,-3.9473080039024353,0.5873152292870829,-1.562622475167905,1.0360264347875492,0.4886049691307497,0.04517054185271263,3.908961772918701,0.9746860563755035,0.34925420582294464,0.6754526644945145,1.326856106519699,1.9189747035503384,0.7309637711679634,0.6442704069670557,9.490344532877208,2.569116511662801,1.323390007019043,18.92289924621582,9.641520023345947,4.85175392627716,7.881052494049072,11.28992486000061,13.483225059509277,-0.2861592492654029,0.09398544255233832,Zr64.13Cu15.75Ni10.12Al10,Zr64p13Cu15p75Ni10p12Al10_720.0K.cfg,C:\Users\Admin\Downloads\cfg data\mapped_cfg_and_metadata\mapped_cfg_Zr64.13Cu15.75Ni10.12Al10\Zr64p13Cu15p75Ni10p12Al10_720.0K.cfg,720.0,-4.796474237611525
4000,1.80975,0.6546410753229589,1.0,4.0,2.0,1.0,1.0,2.0,3.0,0.9828343266809667,2.494977628686394,0.4990486257840894,0.288347832826937,-0.006226940080523491,1.0043799877166748,0.4992524981498718,0.04884458500891924,0.24989600479602814,0.7501457631587982,0.9492764711380005,-0.001257714840780336,-1.1986396538121444,0.5014956765340903,0.2887897545950763,-0.005923970136791468,1.0097899436950684,0.4997274875640869,0.0518181961029768,0.25211626291275024,0.7525442242622375,0.9499413609504699,-0.0015678701097675894,-1.200451340614867,0.49930157029758265,0.28867874279612904,-0.006696970202028751,1.0080599784851074,0.4989034980535507,0.05148451887071133,0.24757349863648415,0.7504072487354279,0.9496961414813996,0.0032972592281364757,-1.1979874863331466,-5.756492009699345,1.2157312053948193,-7.133530139923096,-3.4228999614715576,-6.526530027389526,-6.884114956855774,-6.701675057411194,-4.221732497215271,-3.951111400127411,0.5886523329873758,-1.5574745120623739,1.0444886045455932,0.4983543460891041,0.04248989745974541,3.727342367172241,0.9781447052955627,0.3521974548697472,0.6797148883342743,1.3443529605865479,1.9591426908969876,0.7974376925401246,0.9417092313316178,9.560835359722375,2.5843177452575326,1.2007800340652466,18.572399139404297,9.653890132904053,4.8807453393936155,7.9698725938797,11.348949670791626,13.620394754409787,-0.2560549470667977,0.06591768480826188,Zr64.13Cu15.75Ni10.12Al10,Zr64p13Cu15p75Ni10p12Al10_734.0K.cfg,C:\Users\Admin\Downloads\cfg data\mapped_cfg_and_metadata\mapped_cfg_Zr64.13Cu15.75Ni10.12Al10\Zr64p13Cu15p75Ni10p12Al10_734.0K.cfg,734.0,-5.69008677596645
4000,1.80975,0.6546410753229589,1.0,4.0,2.0,1.0,1.0,2.0,3.0,0.9828343266809667,2.494977628686394,0.499569809787492,0.28833610097679924,-0.0023041400127112865,1.0038800239562988,0.5004239976406097,0.04856320936232807,0.251032255589962,0.7497784793376923,0.9510095834732055,-0.0018154148876951151,-1.1985081207667165,0.5004726169533696,0.2888510015482863,-0.0059224399738013744,1.0027999877929688,0.5007124841213226,0.04990595653653145,0.25094500184059143,0.751746729016304,0.9505009114742279,-0.0017173674857595446,-1.200866741786732,0.4992888366373081,0.28863722317095564,-0.004677569959312677,1.007159948348999,0.4968875050544739,0.05020880326628686,0.24924200028181076,0.7504929900169373,0.9479612588882443,0.002159443641496208,-1.198915553365828,-5.755580300331116,1.2168884190122295,-7.121880054473877,-3.302000045776367,-6.5268049240112305,-6.885880446434021,-6.705575108528137,-4.216109871864319,-3.944543099403382,0.5898022597138145,-1.5575241054483222,1.0414207119923085,0.4856417072583049,0.03100688010454178,3.5277206897735596,0.9802882671356201,0.36272490173578265,0.6841458082199097,1.3303565382957458,1.9384405612945554,0.7864401342740555,0.8517553435734868,9.570475865378976,2.5639525828441547,0.9205719828605652,16.720300674438477,9.710819721221924,5.017471408843994,7.918259859085083,11.369099855422974,13.53993968963623,-0.2928545435921107,0.010301683020866648,Zr64.13Cu15.75Ni10.12Al10,Zr64p13Cu15p75Ni10p12Al10_752.0K.cfg,C:\Users\Admin\Downloads\cfg data\mapped_cfg_and_metadata\mapped_cfg_Zr64.13Cu15.75Ni10.12Al10\Zr64p13Cu15p75Ni10p12Al10_752.0K.cfg,752.0,-6.70340134760539
4000,1.80975,0.6546410753229589,1.0,4.0,2.0,1.0,1.0,2.0,3.0,0.9828343266809667,2.494977628686394,0.5005539075675152,0.2885146263637468,-0.00014181400183588266,1.001420021057129,0.4999990016222,0.04927280545234681,0.24952925369143486,0.7523262351751328,0.9492865413427353,-0.0019620497404912534,-1.1996914881199376,0.501004184661866,0.28900636528188334,-0.004410509951412678,1.0006599426269531,0.501677006483078,0.050678615644574175,0.2518407478928566,0.7526085078716278,0.9503728002309799,-0.005378948111888501,-1.2024036795755484,0.4995164805093882,0.2887410776305124,-0.002499090041965246,1.0059200525283813,0.4987010061740875,0.049715540185570714,0.24890899658203125,0.7501015216112137,0.9512611269950866,0.0014676922616964191,-1.2000561890685193,-5.753642665147781,1.212150638472848,-7.1379899978637695,-3.3931500911712646,-6.523640155792236,-6.885404324531555,-6.699267625808716,-4.2114726305007935,-3.950032091140747,0.5879111723681587,-1.5627326488966882,1.049735946088098,0.4973007432434895,0.03153988718986511,3.5523226261138916,0.989437997341156,0.36298162341117857,0.686027467250824,1.3350638151168823,1.9647476077079757,0.8038973093425307,0.8690488456900001,9.498876677662134,2.588267887971094,0.9986050128936768,17.98550033569336,9.643380165100098,4.841415905952454,7.881235122680664,11.302025079727173,13.537440252304076,-0.2586560908296018,0.002585564510070526,Zr64.13Cu15.75Ni10.12Al10,Zr64p13Cu15p75Ni10p12Al10_763.0K.cfg,C:\Users\Admin\Downloads\cfg data\mapped_cfg_and_metadata\mapped_cfg_Zr64.13Cu15.75Ni10.12Al10\Zr64p13Cu15p75Ni10p12Al10_763.0K.cfg,763.0,-7.256248077423846
4000,1.80975,0.6546410753229589,1.0,4.0,2.0,1.0,1.0,2.0,3.0,0.9828343266809667,2.494977628686393,0.5017884534356126,0.28840910023942024,-0.003380079986527562,1.0053999423980713,0.501572996377945,0.05092043951153755,0.2524370029568672,0.7531932592391968,0.9514766663312911,-0.0023484424547549404,-1.201150184412119,0.5019629932211391,0.28882536385503266,-0.0050704600289464,1.0051300525665283,0.502067506313324,0.051202444173395645,0.2520122453570366,0.7536264955997467,0.9501673579216003,-0.004494737963138791,-1.1990623321079918,0.5000376929093836,0.28871999411437804,-0.004259579814970493,1.0041600465774536,0.49876849353313446,0.050170509889721875,0.24949850142002106,0.7494089901447296,0.9505668938159942,0.0005101155584387171,-1.1981845495793495,-5.751036546170711,1.2122670987556308,-7.176690101623535,-3.395020008087158,-6.522220134735107,-6.8675734281539915,-6.700222611427307,-4.21426260471344,-3.9548164963722234,0.5895195595678859,-1.5590310818292006,1.0552232242580504,0.4892835356947711,0.054290369153022766,3.8870749473571777,0.9939700067043304,0.3537209063768387,0.7011926472187042,1.3578500151634216,1.9618058800697322,0.7250628712831902,0.7919004985999232,9.573198173373937,2.61342650451917,0.9072710275650024,19.516799926757812,9.714809894561768,4.874175524711609,7.924599885940552,11.346500158309937,13.64090480804443,-0.28696025910363077,0.12701170005992513,Zr64.13Cu15.75Ni10.12Al10,Zr64p13Cu15p75Ni10p12Al10_768.0K.cfg,C:\Users\Admin\Downloads\cfg data\mapped_cfg_and_metadata\mapped_cfg_Zr64.13Cu15.75Ni10.12Al10\Zr64p13Cu15p75Ni10p12Al10_768.0K.cfg,768.0,-7.492810474179053
4000,1.80975,0.6546410753229589,1.0,4.0,2.0,1.0,1.0,2.0,3.0,0.9828343266809667,2.494977628686394,0.5015315704005443,0.28831695460622103,-0.0019414500566199422,1.0032700300216675,0.5007430016994476,0.04973971024155617,0.2534324899315834,0.7512592375278473,0.9522097766399383,-0.0017146319957329092,-1.1990462583309056,0.4990061916336381,0.288573480579573,-0.0030871599446982145,1.0028300285339355,0.4992550015449524,0.048688930831849574,0.24855274707078934,0.7498279958963394,0.9467073529958725,-0.003522008498341081,-1.1985311869792483,0.5002906014350629,0.2888615400008518,-0.0030754199251532555,1.0042500495910645,0.4996280074119568,0.05108451452106237,0.24991199374198914,0.7496082633733749,0.9514649599790572,0.0003805172618959755,-1.1989688312194169,-5.745279768168926,1.2152378013494185,-7.151869773864746,-3.3428399562835693,-6.516025066375732,-6.877060294151306,-6.697314977645874,-4.213102459907532,-3.9357069611549376,0.5887921103764603,-1.555541381292227,1.0937937876628712,0.5205594457851814,0.06018627807497978,4.226923942565918,1.0227081179618835,0.3841632857918739,0.7150281518697739,1.3871784806251526,2.047643518447875,0.8703477229401602,1.2330812658363053,9.554443324178457,2.6405202518127893,1.431399941444397,17.320600509643555,9.670185089111328,4.851971864700317,7.875034809112549,11.383224964141846,13.660055351257322,-0.2791521003227741,0.0012685149330065038,Zr64.13Cu15.75Ni10.12Al10,Zr64p13Cu15p75Ni10p12Al10_775.0K.cfg,C:\Users\Admin\Downloads\cfg data\mapped_cfg_and_metadata\mapped_cfg_Zr64.13Cu15.75Ni10.12Al10\Zr64p13Cu15p75Ni10p12Al10_775.0K.cfg,775.0,-7.808615494189011
4000,1.80975,0.6546410753229589,1.0,4.0,2.0,1.0,1.0,2.0,3.0,0.9828343266809667,2.494977628686394,0.5010491792561734,0.2884365569838886,-0.0038156600203365088,1.0026899576187134,0.49987050890922546,0.04926873855292798,0.2523915022611618,0.7513199895620346,0.9496886789798736,-0.0011981799745759331,-1.2000065177866874,0.50098779006322,0.2887316419055873,-0.0016246200539171696,1.00531005859375,0.5000615119934082,0.049771589599549776,0.25040024518966675,0.7522754967212677,0.9498817712068557,-0.0023692212196855483,-1.199186509058481,0.5003069709150259,0.28888501334003913,-0.0009008370107039809,1.0052499771118164,0.4986084997653961,0.05008081067353488,0.24934925138950348,0.7509860098361969,0.9508836030960083,0.0014759055388740255,-1.1996315996784046,-5.749199643552303,1.2118893308601473,-7.202270030975342,-3.4410600662231445,-6.514595031738281,-6.872101879119873,-6.695935010910034,-4.217012524604797,-3.9340869307518007,0.5897315973696158,-1.5553243066168085,1.066588606365025,0.5022005019512004,0.03969348222017288,3.324984550476074,0.9989272356033325,0.35994184762239456,0.6969108730554581,1.358478993177414,2.0052300930023192,0.7243193751586895,0.4954922906448127,9.609707382380963,2.6241914816570553,0.952422022819519,17.79210090637207,9.710020065307617,4.970296025276184,7.947580099105835,11.421149730682373,13.678695154190063,-0.2431034839901779,0.05623079737412384,Zr64.13Cu15.75Ni10.12Al10,Zr64p13Cu15p75Ni10p12Al10_779.0K.cfg,C:\Users\Admin\Downloads\cfg data\mapped_cfg_and_metadata\mapped_cfg_Zr64.13Cu15.75Ni10.12Al10\Zr64p13Cu15p75Ni10p12Al10_779.0K.cfg,779.0,-7.981838783022436
4000,1.80975,0.6546410753229589,1.0,4.0,2.0,1.0,1.0,2.0,3.0,0.9828343266809667,2.494977628686394,0.5010577628161895,0.2883928157262824,-0.0034915299620479345,1.0040899515151978,0.49872051179409027,0.05013913530856371,0.252786248922348,0.7517529875040054,0.9502766519784926,-0.0017621181079295494,-1.1998104949753734,0.5024915830953687,0.2886412510689104,-0.0041096699424088,1.002269983291626,0.5027030110359192,0.0512273907661438,0.25252050906419754,0.7529745101928711,0.9515232563018798,-0.0034167725765199995,-1.199214075031341,0.49850563135139964,0.2889246349620096,-0.004366389941424131,1.0027400255203247,0.49709799885749817,0.05035254135727883,0.24701425433158875,0.7495024800300598,0.9498540788888931,0.001691235693373087,-1.2003965737122955,-5.744692844927311,1.215382077375413,-7.136859893798828,-3.3179800510406494,-6.514765024185181,-6.870241165161133,-6.694474935531616,-4.210197448730469,-3.9313059568405153,0.5897367306840517,-1.5538218934658499,1.0892722570607438,0.5208228481739648,0.052469756454229355,3.9771244525909424,1.0191157460212708,0.3717737078666687,0.717456504702568,1.3824805617332458,2.0469650506973265,0.9220314351030268,1.3737397544825818,9.604268234848977,2.536709235035802,0.6480469703674316,16.526899337768555,9.760624885559082,5.071004176139832,8.024320363998413,11.353575229644775,13.532864713668824,-0.3193993724880942,0.06572347534986678,Zr64.13Cu15.75Ni10.12Al10,Zr64p13Cu15p75Ni10p12Al10_797.0K.cfg,C:\Users\Admin\Downloads\cfg data\mapped_cfg_and_metadata\mapped_cfg_Zr64.13Cu15.75Ni10.12Al10\Zr64p13Cu15p75Ni10p12Al10_797.0K.cfg,797.0,-8.698265304261216
4000,1.80975,0.6546410753229589,1.0,4.0,2.0,1.0,1.0,2.0,3.0,0.9828343266809667,2.494977628686394,0.5005505155994033,0.28854916801352615,0.0004889289848506451,1.00068998336792,0.49977999925613403,0.04984592124819756,0.2515045031905174,0.7509387582540512,0.9503317743539809,-0.0007458114236900241,-1.2006266052621761,0.5012398543983582,0.28883573668262014,0.0011583400191739202,1.0001599788665771,0.5015684962272644,0.0505258044227958,0.2525070011615753,0.7518862336874008,0.9505028486251831,-0.004323989068887708,-1.2019534452273213,0.49979686090951875,0.2889672647859029,-0.0006492760148830712,0.9999589920043945,0.4994634985923767,0.05284041948616505,0.24802550300955772,0.750206246972084,0.949783369898796,-9.213364741083858e-05,-1.2024604484536932,-5.742794597864151,1.2129611230635895,-7.181719779968262,-3.400209903717041,-6.512264966964722,-6.869262838363648,-6.687797427177429,-4.201995134353638,-3.9329941034317017,0.5897919070296306,-1.5566572798722804,1.0899947667839005,0.5238180414144666,0.027272813022136688,3.645355224609375,1.0128775835037231,0.36314247697591784,0.7034732103347778,1.3965800106525421,2.054105997085571,0.8105770570160832,0.8639402895475654,9.65547773848474,2.553085203210329,0.9829660058021545,18.641599655151367,9.791109561920166,5.309894800186157,8.013077735900879,11.389249563217163,13.65981011390686,-0.22155335764799836,0.10972885918809983,Zr64.13Cu15.75Ni10.12Al10,Zr64p13Cu15p75Ni10p12Al10_808.0K.cfg,C:\Users\Admin\Downloads\cfg data\mapped_cfg_and_metadata\mapped_cfg_Zr64.13Cu15.75Ni10.12Al10\Zr64p13Cu15p75Ni10p12Al10_808.0K.cfg,808.0,-9.086645253769492
4000,1.80975,0.6546410753229589,1.0,4.0,2.0,1.0,1.0,2.0,3.0,0.9828343266809667,2.494977628686394,0.501042552549632,0.28853805920531117,0.0002704949874896556,1.0003399848937988,0.4994269907474518,0.05101109109818938,0.2522977516055107,0.751983255147934,0.9529514014720916,0.0006991825070405325,-1.2006031407099245,0.5007139620552116,0.28872097591998774,-0.00019074699957855046,0.9998090267181396,0.4997760057449341,0.05113598946481945,0.2513269931077957,0.7508135139942169,0.9490134388208389,-0.001515668217141396,-1.199186145426872,0.5002644922504187,0.2888048995437115,-0.00036841101245954633,1.0000100135803223,0.49975450336933136,0.05090090353041888,0.24903349578380585,0.752357006072998,0.9499779552221298,-6.297906317219642e-05,-1.2015101287073866,-5.741674646139145,1.2133798542011374,-7.1910600662231445,-3.1605100631713867,-6.510774850845337,-6.875077080726624,-6.691920161247253,-4.204080104827881,-3.933806025981903,0.5879560423699185,-1.5553199418800403,1.1083700493145734,0.5206102021621785,0.07713359594345093,3.8862438201904297,1.035083830356598,0.38681596517562866,0.7331435680389404,1.4081909358501434,2.0959034800529475,0.7943687846683312,0.7515323226672859,9.66641306105256,2.556671850561892,0.818336009979248,17.980199813842773,9.805840015411377,5.279802775382996,8.023110151290894,11.461724996566772,13.680280303955076,-0.24617005328914718,0.0952498951211509,Zr64.13Cu15.75Ni10.12Al10,Zr64p13Cu15p75Ni10p12Al10_825.0K.cfg,C:\Users\Admin\Downloads\cfg data\mapped_cfg_and_metadata\mapped_cfg_Zr64.13Cu15.75Ni10.12Al10\Zr64p13Cu15p75Ni10p12Al10_825.0K.cfg,825.0,-9.609866332867334
4000,1.80975,0.6546410753229589,1.0,4.0,2.0,1.0,1.0,2.0,3.0,0.9828343266809667,2.494977628686394,0.501784821336274,0.28836558177976523,-0.0008861999958753586,1.000059962272644,0.5008105039596558,0.05353767629712823,0.25463974475860596,0.7530124932527542,0.9511861711740494,0.0015436800307422965,-1.200254045066311,0.5024905553820863,0.28854678980353493,-0.0008654249832034111,1.0016499757766724,0.5032314956188202,0.052427126094698906,0.25318199396133423,0.7533520013093948,0.9505030930042266,-0.003892104939063867,-1.1980623784225404,0.49854018568808534,0.28916376752373235,-0.0031144400127232075,1.0007699728012085,0.4943254888057709,0.049557958357036115,0.2466679960489273,0.7500587552785873,0.9487114548683167,0.0014035815697207115,-1.2019887697255274,-5.7369058098196986,1.2136826122107156,-7.180009841918945,-3.215749979019165,-6.501514911651611,-6.864080452919007,-6.688045144081116,-4.206094980239868,-3.933202910423279,0.5899139720189068,-1.5514343801886563,1.1202419288763776,0.534045935620859,0.04034194350242615,3.6610896587371826,1.0480549335479736,0.3705102652311325,0.7292723506689072,1.4368533790111542,2.1026216745376582,0.7748614364252774,0.8040326074039053,9.616975838571786,2.6320989100132253,0.8491989970207214,17.871200561523438,9.732434749603271,5.050497460365295,7.908980011940002,11.400025129318237,13.86137533187866,-0.19792151913481418,-0.003395366609226347,Zr64.13Cu15.75Ni10.12Al10,Zr64p13Cu15p75Ni10p12Al10_841.0K.cfg,C:\Users\Admin\Downloads\cfg data\mapped_cfg_and_metadata\mapped_cfg_Zr64.13Cu15.75Ni10.12Al10\Zr64p13Cu15p75Ni10p12Al10_841.0K.cfg,841.0,-10.008215973863896
4000,1.80975,0.6546410753229589,1.0,4.0,2.0,1.0,1.0,2.0,3.0,0.9828343266809667,2.494977628686394,0.5000321954705287,0.28844832265497283,-0.0012870300561189651,1.0040299892425537,0.4986504912376404,0.049561199173331266,0.2505429908633232,0.7506177425384521,0.9506531447172164,0.0008898972810599373,-1.1978828906179464,0.5024877872543484,0.2884478207371861,-0.0021972800604999065,1.0016100406646729,0.5019209980964661,0.051781414449214934,0.2537507489323616,0.7526357471942902,0.9488603591918945,-0.003287587275710674,-1.1975413792275884,0.49979959842460814,0.28883363991930977,-0.0002590919903013855,1.001389980316162,0.49809399247169495,0.051094373874366286,0.24790874496102333,0.7496980130672455,0.9496227145195006,0.0020940643630055706,-1.2014257887090074,-5.734975508749485,1.2141918573367176,-7.1427998542785645,-3.2718698978424072,-6.501139879226685,-6.8663877010345455,-6.682747483253479,-4.201280117034912,-3.9330494642257694,0.589703478215993,-1.5538645335044134,1.1250136980693788,0.531877348529389,0.07884983718395233,4.054622650146484,1.041119635105133,0.3927878558635712,0.7409977465867996,1.4437932074069977,2.0878177046775814,0.8293086878870342,0.9342458476983069,9.646461649894714,2.578651730528058,1.7984999418258667,19.1028995513916,9.772994995117188,5.152896618843079,8.005412578582764,11.386324644088745,13.69771957397461,-0.22804123686099526,0.10172500953770713,Zr64.13Cu15.75Ni10.12Al10,Zr64p13Cu15p75Ni10p12Al10_852.0K.cfg,C:\Users\Admin\Downloads\cfg data\mapped_cfg_and_metadata\mapped_cfg_Zr64.13Cu15.75Ni10.12Al10\Zr64p13Cu15p75Ni10p12Al10_852.0K.cfg,852.0,-10.226754850719402
4000,1.80975,0.6546410753229589,1.0,4.0,2.0,1.0,1.0,2.0,3.0,0.9828343266809667,2.494977628686393,0.4994778446379896,0.2885535892844792,-0.003084910102188587,1.003350019454956,0.4971565008163452,0.049646401032805466,0.25111123919487,0.7494004964828491,0.9488267898559569,0.0010087421409764148,-1.1986906980720278,0.5014677191596056,0.28843605717149623,-0.0010030199773609638,1.0032399892807007,0.5002495050430298,0.051693458668887624,0.25175899267196655,0.7515074908733368,0.949694189429283,-0.0030571914246159708,-1.198770842550055,0.4987930919316252,0.28882233356959364,-0.0023450299631804228,1.0026799440383911,0.4967139959335327,0.04965669121593237,0.24671700224280357,0.750643253326416,0.9481778800487517,0.0021218856184204086,-1.1991688964014127,-5.732595285654068,1.2131928653443707,-7.165380001068115,-3.379729986190796,-6.4974000453948975,-6.8657057046890255,-6.683719992637634,-4.19872510433197,-3.9214569449424745,0.5889946367568311,-1.5549982989857773,1.132452301427722,0.5450407127099307,0.07715414464473724,4.028021812438965,1.0699006915092468,0.380082431435585,0.730943962931633,1.4530941545963287,2.171006619930267,0.7973115902555332,0.7402396737067685,9.665447354957461,2.523281030005925,0.9555379748344421,18.096599578857422,9.753439903259277,5.312819314002991,8.057609796524048,11.375800371170044,13.724240255355834,-0.18016902425407125,0.0542402472232415,Zr64.13Cu15.75Ni10.12Al10,Zr64p13Cu15p75Ni10p12Al10_861.0K.cfg,C:\Users\Admin\Downloads\cfg data\mapped_cfg_and_metadata\mapped_cfg_Zr64.13Cu15.75Ni10.12Al10\Zr64p13Cu15p75Ni10p12Al10_861.0K.cfg,861.0,-10.373831182244729
4000,1.80975,0.6546410753229589,1.0,4.0,2.0,1.0,1.0,2.0,3.0,0.9828343266809667,2.494977628686394,0.4982515569319039,0.288243850087359,-5.416959902504459e-05,1.000480055809021,0.4973375052213669,0.04930561985820532,0.24944350123405457,0.7478339821100235,0.9504269272089003,0.0029539516995003233,-1.1966131845452375,0.5017967664906191,0.2886485007036255,4.086879926035181e-05,0.9998630285263062,0.5004245042800903,0.051181986741721634,0.2523605078458786,0.752209261059761,0.9507502377033233,-0.0023021427881046897,-1.1994587516264974,0.5000737083125678,0.28889787116346327,-0.00019676100055221468,0.999576985836029,0.498943492770195,0.05103053972125054,0.2489897459745407,0.7503037452697754,0.9500117272138595,0.0015223851558003503,-1.1987978012740081,-5.725736754357815,1.2132551042822994,-7.187900066375732,-3.2999000549316406,-6.491965055465698,-6.85665283203125,-6.674247622489929,-4.1942524909973145,-3.919397974014282,0.5885522601429968,-1.551802049470622,1.1550443850513548,0.5423108765624189,0.05486106872558594,4.156302452087402,1.0738670825958252,0.40846175849437716,0.7614646553993225,1.4709503650665283,2.14405962228775,0.8817653585246291,1.296067039059765,9.75519553694129,2.560594991157511,1.6393200159072876,19.003599166870117,9.824130058288574,5.37619001865387,8.09145975112915,11.49180006980896,13.77034978866577,-0.15487138416252827,0.04700259154217612,Zr64.13Cu15.75Ni10.12Al10,Zr64p13Cu15p75Ni10p12Al10_886.0K.cfg,C:\Users\Admin\Downloads\cfg data\mapped_cfg_and_metadata\mapped_cfg_Zr64.13Cu15.75Ni10.12Al10\Zr64p13Cu15p75Ni10p12Al10_886.0K.cfg,886.0,-10.665592789171155
4000,1.80975,0.6546410753229589,1.0,4.0,2.0,1.0,1.0,2.0,3.0,0.9828343266809667,2.494977628686394,0.49999340192926683,0.28836386926815966,0.00011086399899795651,0.9997979998588562,0.501070499420166,0.05008613895624876,0.2526535093784332,0.7509120106697083,0.9504554539918899,-0.00011438362107161282,-1.1978163473282168,0.500984409507686,0.2886211119277194,9.233690070686862e-05,0.99993497133255,0.5014919936656952,0.05061919167637825,0.25290174037218094,0.751567006111145,0.9498680084943771,-0.0023871308892787694,-1.1979245430213108,0.4998314293891672,0.2887857630195619,0.00018847899627871811,0.9999960064888,0.5005085170269012,0.04954273514449597,0.24851199612021446,0.7493277490139008,0.9478171646595002,-0.002784679170307061,-1.1978049558806751,-5.731048861324787,1.2147022926147422,-7.103320121765137,-3.3861498832702637,-6.498569965362549,-6.8592349767684935,-6.681449770927429,-4.201952695846558,-3.9069550395011903,0.5898122932343427,-1.552146180126101,1.1304585888986476,0.5428019611447972,0.020163429901003838,3.9076132774353027,1.0613703727722168,0.37618290185928344,0.7400004416704178,1.4455342888832092,2.1284098386764514,0.7865479123746518,0.7904989792202954,9.644149374097585,2.552275269518956,1.0918999910354614,20.37529945373535,9.71223497390747,5.2148771524429325,8.040027379989624,11.361400365829468,13.703914928436278,-0.18200510002093717,0.12290351411482225,Zr64.13Cu15.75Ni10.12Al10,Zr64p13Cu15p75Ni10p12Al10_901.0K.cfg,C:\Users\Admin\Downloads\cfg data\mapped_cfg_and_metadata\mapped_cfg_Zr64.13Cu15.75Ni10.12Al10\Zr64p13Cu15p75Ni10p12Al10_901.0K.cfg,901.0,-10.786088391453566
4000,1.80975,0.6546410753229589,1.0,4.0,2.0,1.0,1.0,2.0,3.0,0.9828343266809667,2.494977628686394,0.4987534549271386,0.2879429894051459,-0.0009234740282408893,1.0002800226211548,0.4985765069723129,0.048961916007101536,0.2502330094575882,0.7468202263116837,0.9488873779773711,0.004226483649897766,-1.1937579403793057,0.501036530815063,0.28840011619863076,-0.0005351359723135829,1.0019199848175049,0.4987320005893707,0.050430066697299485,0.2525617480278015,0.7497497349977493,0.9513819754123688,-0.001343318029474236,-1.1985526365370989,0.5000485728392087,0.2885873504922602,-0.0014342600479722023,1.0031800270080566,0.49909450113773346,0.05138697065413,0.24889975041151047,0.7510417550802231,0.9472867786884308,0.0014056155143044218,-1.199906396068163,-5.726264057576656,1.21383005095221,-7.142829895019531,-3.523509979248047,-6.4925501346588135,-6.8616499423980715,-6.675132393836975,-4.196462392807007,-3.915431606769562,0.5862844084721507,-1.5578560844696716,1.15014244671911,0.5343255572577906,0.04392480105161667,4.308384418487549,1.0809956789016724,0.3973106607794762,0.7557075470685959,1.4880569577217102,2.108257567882537,0.7119764033946488,0.6619950388131439,9.774698920190334,2.4899515435172805,1.4387999773025513,17.871700286865234,9.900379657745361,5.501625657081604,8.225630044937134,11.442700147628784,13.648130035400387,-0.23140479681727416,0.16611792018908167,Zr64.13Cu15.75Ni10.12Al10,Zr64p13Cu15p75Ni10p12Al10_917.0K.cfg,C:\Users\Admin\Downloads\cfg data\mapped_cfg_and_metadata\mapped_cfg_Zr64.13Cu15.75Ni10.12Al10\Zr64p13Cu15p75Ni10p12Al10_917.0K.cfg,917.0,-10.889894016716068
4000,1.80975,0.6546410753229589,1.0,4.0,2.0,1.0,1.0,2.0,3.0,0.9828343266809669,2.494977628686394,0.49825690040944026,0.28803698425803226,0.00012374900688882917,1.0001499652862549,0.4978265017271042,0.04795651938766242,0.24943624809384346,0.746494248509407,0.9479302227497101,0.0018249285968721177,-1.193740483412181,0.5014833758645982,0.2886054913431707,6.469310028478503e-05,1.0009299516677856,0.5004799962043762,0.049093995429575446,0.2514617368578911,0.7532995194196701,0.9519712448120117,-0.0005831892132250302,-1.1998182820532561,0.5015667184972262,0.28858791246861415,0.0006370149785652757,1.0003000497817993,0.5001674890518188,0.05121236834675074,0.2518172562122345,0.752716988325119,0.9506956100463867,-0.0009374031705431181,-1.198618140625135,-5.724331348359585,1.2144664525722317,-7.158100128173828,-3.3139500617980957,-6.490979909896851,-6.8544341087341305,-6.674082398414612,-4.190824866294861,-3.9097935914993287,0.5868136270916042,-1.5583605360362447,1.16652729129605,0.5530724531481392,0.0659024715423584,3.9174845218658447,1.0903193354606628,0.4043527588248253,0.761454701423645,1.4920681416988373,2.1678546786308286,0.8220763344343225,0.9557821765166272,9.74779837694764,2.5785437287645556,1.1098300218582153,18.418800354003906,9.831259727478027,5.302346301078797,8.0339674949646,11.596874713897705,13.675000047683715,-0.25223340520743526,0.010599471552619644,Zr64.13Cu15.75Ni10.12Al10,Zr64p13Cu15p75Ni10p12Al10_929.0K.cfg,C:\Users\Admin\Downloads\cfg data\mapped_cfg_and_metadata\mapped_cfg_Zr64.13Cu15.75Ni10.12Al10\Zr64p13Cu15p75Ni10p12Al10_929.0K.cfg,929.0,-10.957334397871204
